relative_path,size_bytes,sha256
source/assets/brand/combinations/CareU_VIS-logogroup-01.svg,3030,423afe482c919e0902bbe21fb46b90536de34c6e242f2b9d7be99c7645420d8a
source/assets/brand/combinations/CareU_VIS-標誌組合_01.png,63680,ad15af3ad4d3d9e0b3a517407c8b7c3aa5a0c20756cf253b22de1f1f1e94c823
source/assets/brand/combinations/CareU_VIS-標誌組合_02.png,87149,7dbbb191f27b87c9536af8ee3093dcb9b935e949015a48635fc9363068b2393f
source/assets/brand/logo/CareU_VIS-Logo.png,32727,4923ac387f38c70fa7b69f60b12ef26728042e01ca7c902ea0de88c214e1c7cc
source/assets/brand/logo/CareU_VIS-logo-300.svg,781,e7d01c7a7019ff6e6e2e7746d52bb926ad1ce3f8457410e6add9715907bb3cba
source/assets/brand/logo/CareU_VIS-logo-500.svg,880,4b6ea15e1fc0e9abf860f82b52c7fdd793089d745ba44a2783db7f68248da8c8
source/assets/brand/logo/CareU_VIS-logo-cross.svg,328,29be292830d1f0d0180ef2e003fa8377e838c2fd9fefd1286b53c937ecc8e605
source/assets/brand/logo/CareU_VIS-logo-dot.svg,170,c93009edf615d1dcd5ba51cead952c1691acb2f1955da685353e0fb43708c236
source/assets/brand/logo/CareU_VIS-logo-u.svg,580,fe5633cdd94abc61509ca50daa313830109040c1d013360cfcd778d7a1bd6d98
source/assets/brand/vis/CareU_VIS-概覽.png,127626,b1e04a25365e927641a0cedee18d7391aedc84b389848a61d6c1b35347529389
source/assets/brand/vis/CareU_VIS-色票表.png,84158,41add3aaa3ca201980c1b4cb24b106fe81550a82325a02e136766d1d49794209
source/assets/brand/vis/CareU_VIS.ai,2161740,99147b7610d077c8d244bac9be1f5316c13f1c5ce3c914cbcb4b13808ea79e51
source/assets/brand/wordmark/CareU_VIS-wordmark.svg,2310,aba17e340d91ee35326673310e49e55d57df34fb77ce5ce6696feffb3638a015
source/assets/brand/wordmark/CareU_VIS-標準字_01.png,74146,90bbfe7e8bce77d2ebff32b760c1f398d357217f6f8eee4fa5bc13d66874b6aa
source/assets/brand/wordmark/CareU_VIS-標準字_02.png,81188,3eaa1c69912b5adba9651850b6bb21351c9223aaae0fa08d58a68e32cf42164d
source/data/health-categories/12項保健項目 ( 牙齒與膝關節刪除).csv,233,8b899858b1186a01bccc4d5fde1d9ef5e5d9466ffed5a131bf3f3021261abdcf
source/data/products/derived/健康食品資料集_DB欄位版.csv,160300,bcd19c551390778a764042aa05fda6f9b25bb535bb580bd3d689fd21df51a792
source/data/products/raw/健康食品資料集(膠囊).csv,157828,37d3c5378499c1acfc1a70c98ca0d3fe725d416c1279bf437cdb54cbeba4cd75
source/data/questionnaire/12項完整問卷(含族群判斷_刪除膝關節保健).txt,4483,1ab10c28c7a9ac7aad56add86630190cd29db6b095da1928b3e94bbecf776e98
source/flows/CareU_網站流程圖.png,141817,477a845b142b16232225c9de7f1c05ce008c22e7d0a0959d93f99a4005077f7c
source/flows/CareU_網站流程說明.md,10731,17587b9d103e43ca0d8e9ed4a589e9fbdb4e736fcb37bf28086f620af1d4105a
source/page-specs/CareU_Loading頁-1_排除視窗_頁面規格.md,14524,c85ffb2e2974230122b6175489e983736fe324754a7770c971168d605870ab6e
source/page-specs/CareU_入口頁_頁面規格.md,8870,0476dd2b36fbb5f483de90e99e1c64bdd8db66bc0e1b571f94e691fd2a60156e
source/page-specs/CareU_問卷頁_Loading頁-2_頁面規格.md,13422,dc2613c6f3c877b65c1bf0bd7cdf5f7890e15822d03ac4142328377bae2e5cdf
source/page-specs/CareU_報告頁_會員登入視窗_頁面規格.md,22636,2222034303c7c6b275c5841239b09f17da9d1abc75d9ce301dc7e39177b524ee
source/page-specs/CareU_首頁_頁面規格.md,15326,5c5089655afd85684009a803116d42fb1654e356feada64c8c3a9e5984873d87
source/project-brief/CareU_Technical_PM_AI_Agent_Prompt_v2.txt,27931,699fe2e04106905ee37dd06d9b070b68b58be417225e25341fb0c0cc345c383d
source/project-brief/CareU_新對話資料準備清單_v2.txt,9190,f8d051becbbc381b164276ab21919c0aabb9c389b80c89a7b82ea3cf460f7980
source/prototypes/CareU_Loading頁-1_排除視窗_原型.html,1487241,dae11242781e4a1732b631f0bc0f004a16a87dfb8aaaf6eb473e95a94f2a0a03
source/prototypes/CareU_入口頁原型.html,10484,7678a4a258ca31674a601f9500eb44a69cb44b0330dff588eda3daaa1c4ded9b
source/prototypes/CareU_問卷頁_Loading頁-2_原型.html,1502557,07e65d2f635ea8fe8d19d351ddc6e553efe249fea80bd8270193bac01f93bb4c
source/prototypes/CareU_報告頁_會員登入視窗_原型.html,14483550,b66af4d19057b380e14f7d57cf0e4eca99098ba9fc88fae550b9c86357605897
source/prototypes/CareU_首頁原型.html,2969162,2c3ddc1ae522db44e7d0b93a7a1d5dc294ef48a5f1701c435184b0bdbcd78dd9
