許可證字號,類別,中文品名,核可日期,申請商,證況,保健功效相關成分,保健功效,保健功效宣稱,警語,注意事項,網址
衛部健食字第A00245號,衛署健食字,悠康-納麴Q10膠囊,2014/6/13,永甲興業股份有限公司,核可,Monacolin K,調節血脂,"經人體食用研究結果：  
(1) 有助於降低血中總膽固醇(TC)。  
(2) 有助於降低血中低密度脂蛋白膽固醇(LDL-C)。","1. 患有嚴重疾病、感染症、肝病或外科手術等情況，請勿食用。   
2\\. 是否適用於膽固醇之控制，應先諮詢醫師。   
3\\. 15 歲以下小孩、懷孕或哺乳期間婦女及服用抗凝血藥品（warfarin）之病患，請勿食用。   
4\\. 本品與降血脂藥(statin 及 fibrate 類藥物)、葡萄柚合併使用，恐造成肝、腎損傷、橫紋肌溶解症。",請洽詢醫師或營養師有關食用本產品之意見；均衡的飲食及適當的運動為身體健康之基礎。內附乾燥劑，請勿食用。本產品非藥品，供保健食用，罹病者仍需就醫。請依建議攝取量食用，勿過量。,https://consumer.fda.gov.tw/Food/InfoHealthFoodDetail.aspx?nodeID=162\\&id=270
衛部健食字第A00253號,衛署健食字,優生北蟲草(蛹蟲草)子實體膠囊,2014/4/14,優生生物科技股份有限公司,核可,蟲草素(Cordycepin)及腺苷(Adenosine)為品質管制指標成分,護肝,根據動物實驗結果，對四氯化碳誘發之大鼠肝臟損傷，有助於降低血清中AST(GOT)、ALT(GPT)值。,"1.AST(GOT)、ALT(GPT)持續異常升高可能是肝病變所引起，應立即就醫。  
2.正值懷孕、授乳或服用藥物者，請先洽詢醫師意見，再決定是否服用。  
3.不建議嬰幼兒、兒童、孕婦與真菌過敏者使用。  
4.一日請勿超過六粒。","1.均衡飲食及適當運動為身體健康之基礎；請洽詢醫師或營養師有關食用本品之意見。  
2.本產品非藥品，供保健用，罹病者仍需就醫。  
3.請依建議攝取量食用，勿過量。",https://consumer.fda.gov.tw//Food/InfoHealthFoodDetail.aspx?nodeID=162\\&id=262
衛部健食字第A00261號,衛署健食字,洛神花健康膠囊,2014/9/17,愛之味股份有限公司,核可,沒食子酸gallic acid,"不易形成體脂肪, 護肝","(1)經動物實驗結果，有助於不易形成體脂肪。在嚴謹的營養均衡與熱量控制，以及適當的運動條件下，適量攝取本產品有助於不易形成體脂肪。  
(2)經動物實驗結果，攝取本產品有助於延緩四氯化碳誘導之化學性肝損傷或降低其危險因子。",,"1.請洽詢醫師或營養師有關食用本產品之意見。  
2.均衡的飲食及適當的運動為身體健康之基礎。  
3.食用前開封，如發現包裝破損或任何品質異常，請將整瓶產品交回公司更換新品。  
4.本產品非藥品，供保健用，罹病者仍需就醫。  
5.請依建議攝取量食用，勿過量。",https://consumer.fda.gov.tw//Food/InfoHealthFoodDetail.aspx?nodeID=162\\&id=279
衛部健食字第A00265號,衛署健食字,ADR-1益生菌膠囊,2014/10/3,景岳生物科技股份有限公司,核可,羅伊氏乳桿菌(Lactobacillus reuteri),調節血糖,「經動物實驗結果：對血糖值偏高者，具有輔助調節作用。」,嬰幼兒與免疫功能不全患者，請先洽詢醫師或營養師有關食用本品之意見，再決定是否使用本品。,"(1) 本產品非藥品，供保健用，罹病者仍需就醫。  
(2) 請依建議攝取量食用，勿過量。  
(3) 建議食用時須與正規醫療藥物間隔30分鐘以上；若為特殊體質者，建議請先諮詢專業人士。",https://consumer.fda.gov.tw//Food/InfoHealthFoodDetail.aspx?nodeID=162\\&id=277
衛部健食字第A00268號,衛署健食字,深海魚油薑黃+E膠囊,2017/8/6,國家級生醫科技股份有限公司,核可,Omega-3 acids,調節血脂,「經人體食用研究結果證實，有助於降低血中三酸甘油酯。」,正在服用抗凝血劑者，例如：阿斯匹靈．．．等凝血功能不全者及嬰幼兒、孕婦或糖尿病患者，食用前請先徵詢醫師意見。,"1. 請徵詢醫師、藥師或營養師有關食用本品之意見；均衡的飲食及適當的運動為身體健康之基礎。  
2\\. 本產品非藥品，供保健用，罹病者仍需就醫。  
3\\. 請依建議攝取量食用，勿過量。  
4\\. 多食或過量無益。",https://consumer.fda.gov.tw//Food/InfoHealthFoodDetail.aspx?nodeID=162\\&id=296
衛部健食字第A00269號,衛署健食字,草本複方膠囊,2015/1/31,中天生物科技股份有限公司,核可,"Curcumin（薑黃素）26.0 ± 5.2 mg/g   
Daidzein（大豆苷元）107.9 ± 21.6 μg/g",護肝,"根據動物試驗結果，對四氯化碳誘發之大鼠肝臟損傷：  
(1)有助於降低血漿中GOT (AST)及GPT(ALT)值；  
(2)有助於增加血漿中白蛋白含量。","1.GOT(AST)、GPT(ALT)值持續異常升高可能是肝臟疾病所引起，應立即就醫。  
2.嬰幼兒、孕婦、餵哺母乳者，如欲食用本產品，請洽醫師或醫療傳業人員。","1.請洽詢醫師或營養師有關食用本品之意見。  
2.本產品非藥品，供保健用，罹病者仍需就醫。  
3.避免孩童自行取用，請放置兒童不易取得處。  
4.本產品非藥品，供保健用，罹病者仍需就醫。  
5.請依建議攝取量食用，勿過量。  
6.食用過量可能有安全疑慮。",https://consumer.fda.gov.tw//Food/InfoHealthFoodDetail.aspx?nodeID=162\\&id=290
衛部健食字第A00270號,衛署健食字,活源蔘膠囊,2015/4/14,創益生技股份有限公司,核可,"總人蔘配醣體 (Total Ginsenosides,以Re、Rb1、Rc、Rd總和計算)",抗疲勞,經人體食用研究結果，可加速運動後恢復期血乳酸及血氨濃度下降，有助於增進運動後疲勞的消除。,"如有不適產生應立即停止食用並就醫。  
病患服藥期間不建議同時食用本產品。","(1)請洽詢醫師或營養師有關食用本品的意見，均衡的飲食及適當運動是身體健康的基礎。  
(2)本產品非藥品，供保健用，罹病者仍需就醫。  
(3)請依建議攝取量食用，勿過量。",https://consumer.fda.gov.tw//Food/InfoHealthFoodDetail.aspx?nodeID=162\\&id=293
衛部健食字第A00271號,衛署健食字,舒敏佳膠囊,2015/4/17,創益生技股份有限公司,核可,總活性乳酸菌,輔助調整過敏體質,"經動物實驗結果:  
1.有助於降低過敏反應IgE抗體之生成。   
2.有助於緩解呼吸道的過度反應。  
3.有助於調節Th1/Th2細胞激素。",有免疫相關疾病者請先諮詢醫師後謹慎食用。,"(1)本產品非藥品，供保健用，罹病者仍需就醫。  
(2)請依建議攝取量食用，勿過量。  
(3)幼兒及孕婦食用前請先諮詢專業醫師。  
(4)若無法直接吞食，請打開膠囊搭配冷水、果汁或飲品食用。  
(5)本產品含有牛奶、大豆及其製品。",https://consumer.fda.gov.tw//Food/InfoHealthFoodDetail.aspx?nodeID=162\\&id=294
衛部健食字第A00272號,衛署健食字,長庚冬蟲夏草菌絲體膠囊,2015/4/17,長庚生物科技股份有限公司,核可,Adenosine（腺苷）,抗疲勞,"經動物實驗結果：  
1.有助於提高肝醣濃度並增加運動耐力。  
2.有助於延緩疲勞發生。",本產品發酵培養基含大豆成分，過敏體質者，請諮詢醫師或醫療專業人員。,"1.本產品非藥品，供保健用，罹病者仍需就醫。  
2.均衡飲食及適當運動為身體健康之基礎。  
3.包裝如有破損或封裝不良，請勿食用。  
4.請直接吞食膠囊，勿嚼碎或浸泡。  
5.請依建議攝取量食用，勿過量。",https://consumer.fda.gov.tw//Food/InfoHealthFoodDetail.aspx?nodeID=162\\&id=292
衛部健食字第A00274號,衛署健食字,優青素膠原藤黃果膠囊,2015/5/14,臺鹽實業股份有限公司,核可,"綠原酸(Chlorogenic acid)  
羥基檸檬酸(Hydroxycitric acid)",不易形成體脂肪,經動物實驗結果：有助於不易形成體脂肪。在嚴謹的營養均衡與熱量控制，以及適當的運動條件下，適量攝取本產品有助於不易形成體脂肪。,"1.12歲以下孩童、孕婦、消化不良與重大疾病患者不宜食用。  
2.如出現消化道不適、頭痛、頭暈、口乾、噁心、出汗等不適症狀，應停止使用病就醫。  
3.本品可能增加或減少CYP2B6代謝之藥物濃度，倘使用相關藥物者，建議諮詢醫師、藥師或營養師有關食用本品之意見。  
4.患有躁症、思爵失調症或肝移植等情況者，請勿食用。","1.請徵詢醫師、藥師或營養師有關食用本品之意見；均衡的飲食及適當的運動為身體健康之基礎。  
2.本產品非藥品，供保健用，罹病者仍需就醫。  
3.請依建議攝取量食用，勿過量。",https://consumer.fda.gov.tw//Food/InfoHealthFoodDetail.aspx?nodeID=162\\&id=300
衛部健食字第A00275號,衛署健食字,優生牛樟芝固態培養菌絲體膠囊,2015/7/1,優生生物科技股份有限公司,核可,"每份(一粒)膠囊含粗三帖烯6.32\\~9.48 毫克、Adenosine  
0.20\\~0.30 毫克",護肝,根據動物試驗結果對四氯化碳誘發大鼠肝臟的損傷具有下列功效:有助於降低血清AST(GOT)、ALT(GPT)值,"1. AST(GOT)、ALT(GPT)值持續異常升高可能是肝臟疾病所引起，應立即就醫。  
2\\. 本產品不能取代常規醫療，服用前先諮詢醫師意見。  
3\\. 嬰幼兒、孕婦、哺餵母乳者，如欲食用本產品，請洽詢醫師或醫療專業人員。","1.懷孕婦女不宜食用  
2.目前接受醫師治療者，請與醫師商量後再食用  
3.本產品不能治療矯正任何疾病，有病者仍需就醫  
4.避免孩童自行取用  
5.食用過量可能有安全疑慮  
6.均衡飲食及適當運動，為身體健康之基礎",https://consumer.fda.gov.tw//Food/InfoHealthFoodDetail.aspx?nodeID=162\\&id=1466
衛部健食字第A00277號,衛署健食字,舒敏靈芝王靈芝菌絲體膠囊,2015/7/6,葡萄王生技股份有限公司,核可,靈芝多醣60\\~90 mg/粒。,輔助調整過敏體質,經動物實驗結果：1.有助於降低過敏反應相關細胞激素IL-4、IL-5分泌量。2.有助於抑制過敏免疫反應的特異性IgG1抗體生成。,(1)本產品含大豆及麩質之穀物製品，有過敏體質或自體免疫疾病者，請洽詢醫師意見小心使用。(2)多食無益。,(1)請洽詢醫師或營養師有關食用本品之意見，均衡的飲食及適當之運動為身體健康之基礎。(2)本產品非藥品，供保健用，罹病者仍需就醫。(3)請依建議攝取量食用，勿過量。(4)本產品不能取代正規醫療及相關藥品。,https://consumer.fda.gov.tw//Food/InfoHealthFoodDetail.aspx?nodeID=162\\&id=305
衛部健食字第A00278號,衛署健食字,天恩牛樟芝固態培養菌絲體膠囊,2015/6/18,天恩開發國際企業股份有限公司,核可,"可能總三萜類（Possible Triterpenoids）5.20±1.04 mg/每份/每顆  
腺苷（Adenosine）0.040±0.008 mg/每份/每顆  
作為品管指標成分",護肝,根據動物試驗結果，對四氯化碳誘發大鼠肝臟之損傷：有助於降低血清中AST(GOT)與ALT(GPT)。,"1. ALT(GPT)、AST(GOT)值持續異常升高可能是肝臟疾病所引起，應立即  
就醫。 2.小孩及孕婦請洽詢醫師或營養師有關食用本產品之意見。 3.幼  
兒、孕婦、哺餵食母乳者，如欲食用本產品，請洽詢醫師或醫療專業人員。","1.目前接受醫師治療者，請與醫師商量後再食用。2.本產品不能治療矯正任何疾病，有病者仍需就醫。3.避免孩童自行取用。4.食用過量可能有安全疑  
慮。5.均衡飲食及適當運動，為身體健康之基礎。6.本產品非藥品，供保健  
用，罹病者仍需就醫。7.請依建議攝取量食用，勿過量。",https://consumer.fda.gov.tw//Food/InfoHealthFoodDetail.aspx?nodeID=162\\&id=301
衛部健食字第A00281號,衛署健食字,益菌健康膠囊,2015/8/19,聯華食品工業股份有限公司,核可,總乳酸菌(L.acidophilus、L.paracasei、L.rhamnosus),"輔助調整過敏體質, 免疫調節","(一)保健功效項目「輔助調整過敏體質」：  
經動物實驗結果：  
1\\. 有助於降低肺部呼吸阻力。  
2\\. 有助於降低血中特異性 IgE、IgG1 抗體分泌。  
(二)保健功效項目「免疫調節」：  
經動物實驗結果：  
1\\. 有助於促進吞噬細胞活性。  
2\\. 有助於促進T細胞增生能力。  
3\\. 有助於調降Th2細胞激素(IL-5)分泌量。  
4\\. 有助於增加血清中IgA、IgG、IgG2a抗體生成。","1.本產品不能取代正規醫療及相關藥品，有免疫相關疾病者，食用前請洽詢醫師食用本產品之意見，並謹慎食用。  
2.有免疫功能不全或正在服用類固醇、免疫抑制劑、或其他化療藥物的民眾，須和醫師討論後再服用。  
3.本產品含難消化性麥芽糊精，食用後可能產生排氣或脹氣現象，若有不適者，請停止食用。","1.可直接食用，或可打開膠囊倒出粉末搭配冷開水食用。   
2.本產品非藥品，供保健用，罹病者仍需就醫。  
3.請依建議攝取量食用，勿過量。",https://consumer.fda.gov.tw//Food/InfoHealthFoodDetail.aspx?nodeID=162\\&id=308
衛部健食字第A00286號,衛署健食字,枕無憂極萃50芝麻膠囊,2015/11/23,富味鄉食品股份有限公司,核可,每一份量(1 顆膠囊)含有：芝麻素47.0±9.4 毫克,護肝,經動物實驗結果，對四氯化碳誘發之大鼠肝臟損傷：有助於降低血清中AST (GOT)和ALT (GPT)值。,"1.AST(GOT)和ALT(GPT)值持續異常升高可能是肝病變所引起，請立即就醫。  
2.體質特殊、孕婦及小孩請洽詢醫師或營養師。","1.本產品非藥品，供保健用，罹病者仍需就醫。  
2.請依建議攝取量食用，勿過量。  
3.均衡飲食及適當運動是身體健康之基礎；請洽詢醫師或營養師有關食用本品之意見。  
4.本產品含有芝麻抽出物及乳糖。",https://consumer.fda.gov.tw//Food/InfoHealthFoodDetail.aspx?nodeID=162\\&id=316
衛部健食字第A00289號,衛署健食字,娘家大紅麴膠囊,2015/12/2,晨暉生物科技股份有限公司,核可,"Monascin 2.84 – 4.20 毫克/粒  
Ankaflavin 1.28 – 1.92 毫克/粒","調節血脂, 調節血糖, 延緩衰老","(一)調節血脂：  
經動物實驗結果：  
1.有助於降低血清中總膽固醇  
2.有助於降低血清中三酸甘油酯  
3.有助於提升血中HDL及降低LDL  
(二)調節血糖：  
根據動物實驗結果：  
對禁食血糖偏高者具有輔助調節血糖作用  
(三)延緩衰老：  
經誘導型老化動物實驗模式結果，本產品有助於延緩衰老之功效","1.藥物治療者，服藥前請先與醫師討論  
2.衛福部提醒「本品與降血脂藥(statin及fibrate類藥物)、葡萄柚合併使用，恐會造成肝、腎損傷、橫紋肌溶解症。」  
3.服用具抗凝血作用之中西藥品者不宜食用  
4.患有嚴重疾病、感染症、肝病或經外科手術等情況者請勿食用  
5.生理期、懷孕及授乳期間請依照醫師指示食用  
6.是否適用於膽固醇及血糖之控制，應先徵詢醫師  
7.本產品不應替代藥品使用  
8.若身體出現不適請先停止食用  
9.不宜多食","1.請徵詢醫師、藥師或營養師有關食用本品之意見；均衡的飲食及適當的運動為身體健康之基礎  
2.本產品非藥品，供保健用，罹病者仍需就醫  
3.請依建議攝取量食用，勿過量  
4.本產品請放置陰涼、乾燥處保存，並避免幼兒自行食用",https://consumer.fda.gov.tw//Food/InfoHealthFoodDetail.aspx?nodeID=162\\&id=322
衛部健食字第A00292號,衛署健食字,麗豐牛樟芝菌絲體膠囊,2015/11/26,麗豐實業股份有限公司,核可,每一份量1 粒膠囊，共606 mg (含內容物500 mg)，含Adenosine 含量為0.275±0.055 mg、4-Acetylantroquinonol B 含量 0.09±0.018 mg、Ergosterol 含量 1.11±0.22 mg。,護肝,經動物實驗結果，對四氯化碳誘發之大鼠肝臟損傷，有助於降低血中AST（GOT）及 ALT（GPT）含量。,"（1）AST (GOT)、ALT (GPT)值持續異常升高可能是肝臟疾病所引起，應立即就醫。  
（2）嬰幼兒、孕婦、哺餵母乳者，如欲食用本產品，請洽詢醫師或醫療專業人員。","1.目前接受醫師治療者，請與醫師商量後再食用。  
2.避免孩童自行取用。  
3.食用過量可能有安全疑慮。  
4.均衡飲食及適當運動，為身體健康之基礎。  
5.本產品非藥品，供保健用，罹病者仍需就醫。  
6.請依建議攝取量食用，勿過量。",https://consumer.fda.gov.tw//Food/InfoHealthFoodDetail.aspx?nodeID=162\\&id=319
衛部健食字第A00293號,衛署健食字,263乳酸菌膠囊,2015/11/10,景岳生物科技股份有限公司,核可,每份2顆以含有羅伊氏乳桿菌GMNL®-263（熱去活菌）≧2×10^10 cells為品管指標成分,"調節血脂, 不易形成體脂肪","【不易形成體脂肪】  
經動物實驗結果：有助於不易形成體脂肪。在嚴謹的營養均衡與熱量控制，以及適當的運動條件下，適量攝取本產品有助於不易形成體脂肪。  
【調節血脂】  
經動物實驗結果：  
(1) 有助於降低血中總膽固醇；  
(2) 有助於降低血中三酸甘油酯；  
(3) 有助於降低LDL-C/ HDL-C比值；  
(4) 有助於降低血中低密度脂蛋白膽固醇。",,"(1) 本產品非藥品，供保健用，罹病者仍需就醫。  
(2) 請依建議攝取量食用，勿過量。",https://consumer.fda.gov.tw/Food/InfoHealthFoodDetail.aspx?nodeID=162\\&id=1582
衛部健食字第A00301號,衛署健食字,LP33®益生菌膠囊,2016/5/20,統一企業股份有限公司,核可,"每份含總乳酸菌數≧2500000000 CFU, LP33®菌≧500000000 CFU","輔助調整過敏體質, 免疫調節","(一) 輔助調整過敏體質  
經動物實驗結果：  
(1)有助於減少呼吸道阻力。  
(2)有助於減少血清中總IgE抗體與塵蟎特異性IgE抗體之生成。  
(二)免疫調節  
經動物實驗結果：有助於促進吞噬細胞活性。",免疫疾病者、孕婦、幼兒，請洽詢醫師意見小心使用。,"1.可打開膠囊倒出粉末食用，或溶於水中，水溫勿超過45℃。  
2.請洽詢醫師或營養師有關食用本品之意見。均衡的飲食及適當的運動，為身體健康之基礎。  
3.本產品非藥品，供保健用，罹病者仍需就醫。  
4.請依建議攝取量食用，勿過量。",https://consumer.fda.gov.tw//Food/InfoHealthFoodDetail.aspx?nodeID=162\\&id=329
衛部健食字第A00302號,衛署健食字,葡耐因膠囊,2016/5/20,得生製藥股份有限公司,核可,以聚葡萄糖(β-Glucan)為品管指標,調節血糖,根據動物實驗結果，對禁食血糖偏高者具有輔助調節血糖作用。,本產品非屬治療及矯正疾病用藥品，糖尿病患者仍需就醫治療。,"1.請洽詢醫師或營養師有關食用本品之意見；均衡的飲食及適當的運動為身體健康之基礎。  
2.本產品非藥品，供保健用，罹病者仍需就醫。  
3.請依建議攝取量食用，勿過量。",https://consumer.fda.gov.tw//Food/InfoHealthFoodDetail.aspx?nodeID=162\\&id=332
衛部健食字第A00305號,衛署健食字,蔘元素膠囊,2016/9/12,金宏裕生物科技有限公司,核可,人參皂苷(以Rg1、Re、Rb1、Rc、Rb2及Rd 含量總和計),護肝,經動物實驗結果，對四氯化碳誘發之大鼠肝臟損傷，有助於降低血中AST(GOT)、ALT(GPT)值。,"1.本產品為健康食品不能取代正規醫療及相關藥品。  
2.若食用後發生任何異於平常或非預期之反應請諮詢醫師。  
3.本品於腎功能不全者需經醫師評估後再食用。","1.請洽詢醫師或營養師有關食用本品之意見。  
2.均衡的飲食及適當的運動為身體健康之基礎。  
3.鋁箔開封後，請於二個月內食用完畢。  
4.本產品非藥品，供保健用，罹病者仍需就醫。  
5.請依建議攝取量食用，勿過量。",https://consumer.fda.gov.tw//Food/InfoHealthFoodDetail.aspx?nodeID=162\\&id=341
衛部健食字第A00307號,衛署健食字,活漅素膠囊,2016/8/11,美樂佛國際行銷有限公司,核可,甘氨酸亞鐵,促進鐵吸收功能,"經缺鐵造成貧血之動物實驗結果：  
1.有助於提高鐵利用率。  
2.有助於增加血紅素。","1. 非因缺鐵而引起貧血之患者不建議食用。  
2\\. 孕婦、兒童或接受醫師治療者，請與醫師商討是否適合食用。  
3\\. 請依建議攝取量食用，不宜多食，以免造成鐵中毒。  
4\\. 一日請勿超過4粒，多食無益。","1. 請徵詢醫師、藥師或營養師有關食用本品之意見。  
2\\. 均衡的飲食及適當的運動為身體健康之基礎。  
3\\. 本產品非藥品，供保健用，罹病者仍需就醫。  
4\\. 重大疾病及體質過敏者應先請教專業醫療人員後選擇食用。  
5\\. 請置於乾燥陰涼處，密封保存。  
6\\. 請依建議攝取量食用，勿過量。",https://consumer.fda.gov.tw//Food/InfoHealthFoodDetail.aspx?nodeID=162\\&id=338
衛部健食字第A00319號,衛署健食字,懷特益能強®膠囊,2017/1/24,懷特生技新藥股份有限公司,核可,刺五加苷B（Eleutheroside B）,抗疲勞,經動物試驗結果，本產品有助於延緩運動後疲勞之產生。,使用本品如有任何不適，請立即停止食並洽詢醫師。,請遵循指示食用，多食無益，請置於嬰幼兒不及處。本產品含乳糖。,https://consumer.fda.gov.tw//Food/InfoHealthFoodDetail.aspx?nodeID=162\\&id=352
衛部健食字第A00321號,衛署健食字,NK有益甘膠囊,2017/3/15,莊松榮製藥廠股份有限公司,核可,沒食子酸、丹參酚酸B,護肝功能,經動物實驗結果：對四氯化碳誘發大鼠肝臟損傷，有助於降低血清中 AST 及 ALT 值。,"1.本品不能代替藥物。  
2.AST、ALT值持續異常升高可能是肝臟疾病所引起，應立即就醫。  
3.妊娠、哺乳婦女、服用藥物、海鮮過敏、手術前後者請先洽詢醫師或營養師有關食用本品之意見。","1.本產品非藥品，供保健用，罹病者仍需就醫。  
2.請依建議攝取量食用，勿過量。  
3.請洽詢醫師、藥師或營養師有關食用本產品之意見，均衡飲食及適當運動為身體健康之基礎。  
4.食用前開封，如發現包裝破損或任何品質異常，請將整瓶產品交回公司更換新品。",https://consumer.fda.gov.tw//Food/InfoHealthFoodDetail.aspx?nodeID=162\\&id=360
衛部健食字第A00322號,衛署健食字,L-137®植物乳酸菌膠囊,2017/1/19,創百股份有限公司,核可,熱去活植物乳酸菌,"輔助調整過敏體質, 免疫調節","【免疫調節】  
經動物實驗結果：  
1.有助於促進吞噬細胞活性。  
2.有助於促進自然殺手細胞活性。  
3.有助於減少Th2 類型細胞激素分泌之功效。  
【輔助調整過敏體質】  
經動物實驗結果：  
1.有助於減緩過敏造成的呼吸道阻力現象及呼吸道發炎細胞之浸潤。  
2.有助於降低過敏反應相關之非特異性IgE抗體及OVA專一性IgG1抗體生成。  
3.有助於降低過敏反應相關細胞激素IL-5及IL-13之分泌量。","1.有自體免疫相關疾病者請先諮詢醫師後，再謹慎食用。  
2.本產品含難消化性麥芽糊精及菊糖，食用後可能產生排氣與脹氣現象，若有不適者，請停止食用。","1.請洽詢醫師或營養有關食用本產品之意見；均衡的飲及適當運動為身體健康之基礎。  
2.本產品非藥品，供保健用，罹病者仍需就醫。  
3.請依建議攝取量食用，勿過量。  
4.過敏原：本產品的乳酸菌粉使用的培養基含有牛奶成分。",https://consumer.fda.gov.tw//Food/InfoHealthFoodDetail.aspx?nodeID=162\\&id=356
衛部健食字第A00323號,衛署健食字,威瑪舒培®大豆萃取物膠囊,2017/3/26,易陞植物生技有限公司,核可,總大豆異黃酮,骨質保健功能,經動物實驗結果，攝取本產品可能有助於延緩骨流失,本產品依照建議攝取量所含大豆異黃酮為32.22\\~48.42mg/粒，不應過量食用。,"1.室溫(25℃)下保存，避免日光直射及受潮並置放孩童無法取得處。  
2.請洽詢醫師或營養有關食用本品之意見、均衡飲及適當之運動為身體健康基礎。  
3.所含異黃酮(isoflavones)每日食用限量50 毫克以下。  
4.本產品含有牛奶、大豆及其製品，對本產品中任何成分過敏者禁忌。  
5.一日請勿超過1粒，請依建議攝取量食用，多食無益。  
6.本產品非藥品，僅供保健用，罹患者仍需就醫。",https://consumer.fda.gov.tw//Food/InfoHealthFoodDetail.aspx?nodeID=162\\&id=359
衛部健食字第A00329號,衛署健食字,羅伊敏膠囊,2017/7/23,生達化學製藥股份有限公司,核可,羅伊氏乳桿菌,輔助調整過敏體質功能,"經動物實驗結果：  
1\\. 有助於降低血液中特異性過敏抗體濃度。  
2\\. 有助於減少呼吸道發炎激素(Eotaxin 及IL-5)的濃度。",有免疫相關疾病者，請謹慎食用並諮詢醫師的意見。本產品含菊糖，食用後可能產生排氣與脹氣現象，若有不適者，請停止食用。,"1.請徵詢醫師、藥師或營養師有關食用本品之意見;均衡的飲食及適當的運動為身體健康之基礎。  
2.本產品非藥品，供保健用，罹病者仍需就醫  
3.請依建議攝取量食用，勿過量。",https://consumer.fda.gov.tw//Food/InfoHealthFoodDetail.aspx?nodeID=162\\&id=372
衛部健食字第A00331號,衛署健食字,你滋美得 沛霸軟膠囊,2017/4/20,景華生技股份有限公司,核可,次亞麻油酸,調節血脂,經動物實驗結果：1.有助於降低血中總膽固醇。2.有助於降低血中三酸甘油酯。,無,"1.食用前應徵詢醫師、藥師或營養師有關食用本品之意見；均衡的飲食及適當的運動為身體健康之基礎。  
2.本產品非藥品，供保健用，罹病者仍需就醫。  
3.請依建議攝取量食用，勿過量。  
4.本產品含有大豆製品。",https://consumer.fda.gov.tw//Food/InfoHealthFoodDetail.aspx?nodeID=162\\&id=357
衛部健食字第A00336號,衛署健食字,孅甘 紅膠囊,2017/6/2,康霈生技股份有限公司,核可,1. 兒茶素 2. 薑黃素,不易形成體脂肪功能,經動物實驗結果：有助於不易形成體脂肪。在嚴謹的營養均衡與熱量控制，以及適當的運動條件下，適量攝取本產品有助於不易形成體脂肪。,"1. 重大疾病及孕乳婦，請先洽詢醫師意見後再食用。   
2\\. 請放置於嬰幼兒不易取得之處。","1.均衡飲食及適當運動為身體健康之基礎。  
2.本產品非藥品，供保健用，罹病者仍需就醫。請依建議攝取量食用，勿過量。",https://consumer.fda.gov.tw//Food/InfoHealthFoodDetail.aspx?nodeID=162\\&id=411
衛部健食字第A00339號,衛署健食字,雙倍日記膠囊,2017/5/10,麗彤生醫科技股份有限公司,核可,兒茶素(Catechins) 233±46.6毫克/克內容物。,"調節血脂, 不易形成體脂肪","【不易形成體脂肪】  
經動物實驗結果，有助於不易形成體脂肪。在嚴謹的營養均衡與熱量控制，以及適當的運動條件下，適量攝取本產品有助於不易形成體脂肪。  
【調節血脂】  
經動物實驗結果，有助於：  
1\\. 降低血中總膽固醇；  
2\\. 降低血中三酸甘油酯；  
3\\. 降低血中低密度脂蛋白膽固醇。","1. 乳糖不耐症者，請洽詢醫師或營養有關食用本品之意見。  
2\\. 兒童、孕婦、哺餵母乳者、老年人及有心血管疾病者不宜食用。  
3\\. 服用藥物者，欲食本產品宜先諮詢醫療人員。  
4\\. 本產品含有乳糖，不適合其過敏體質者食用。  
5.本產品含難消化性麥芽糊精，食用後可能產生排氣與脹氣現象，若有不適者，請停止食用。","1.本產品非藥品，供保健用，罹病者仍需就醫。  
2.請依建議攝取量食用，勿過量。  
3.請洽詢醫師或營養有關食用本品之意見。",https://consumer.fda.gov.tw//Food/InfoHealthFoodDetail.aspx?nodeID=162\\&id=362
衛部健食字第A00342號,衛署健食字,人可和靈芝子實體膠囊,2017/8/2,永豐萊得股份有限公司,核可,靈芝酸A (Ganoderic acid),"免疫調節, 延緩衰老","(一)免疫調節  
本產品經動物實驗結果：  
1.有助於促進自然殺手細胞活性。  
2.有助於促進吞噬細胞活性。  
3.有助於促進免疫細胞增生。  
4.有助於調節IFN-γ分泌。  
5.有助於促進血清中IgM、IgG抗體生成。  
  
(二)延緩衰老  
經基因遺傳老化之動物實驗模式結果，本產品有助於延緩衰老之功效。",,"1.本產品非藥品，供保健用，罹病者仍需就醫。  
2.請依建議攝取量食用，勿過量。  
3.嬰幼兒、孕婦、哺餵母乳者，如欲食用本產品，請洽詢醫師或醫療專業人員。  
4.開封後，請將乾燥劑取出丟棄，確實蓋上瓶蓋，並盡早食用完畢；請置於孩童無法取得之處。  
5.每次開啟取用後請盡速蓋緊，避免內容物與空氣中的水氣接觸過久，導致受潮。",https://consumer.fda.gov.tw//Food/InfoHealthFoodDetail.aspx?nodeID=162\\&id=373
衛部健食字第A00345號,衛署健食字,蓉憶記膠囊,2017/8/27,杏輝藥品工業股份有限公司,核可,管花苯乙醇苷(以Acteoside、Isoacteoside、Echinacoside、2’-Acetyl echinacoside總和計),延緩衰老,經誘導型老化動物實驗模式結果，本產品有助於延緩衰老之功效。,嬰幼兒、孕婦、哺乳期婦女及服用抗凝血功能藥物者不宜食用。,"1. 食用前應徵詢醫師、藥師或營養師有關食用本品之意見；均衡的飲食及適當的運動為身體健康之基礎。  
2\\. 本品含有植物萃取物，不同生產批號之產品，外觀略有顏色差異。  
3\\. 本品若有破損或完封不良，請勿食用。  
4\\. 請於開封後儘早食用完畢。  
5\\. 本產品非藥品，供保健用，罹病者仍需就醫。  
6\\. 請依建議攝取量食用，勿過量。",https://consumer.fda.gov.tw//Food/InfoHealthFoodDetail.aspx?nodeID=162\\&id=376
衛部健食字第A00348號,衛署健食字,美海雲®褐藻醣膠膠囊,2018/1/28,漢和健康事業有限公司,核可,品管指標成分:岩藻糖(fucose),免疫調節功能,本產品經動物實驗結果，有助於促進免疫細胞增生。,本產品不能取代正規醫療及相關藥品，正在接受治療者仍須就醫。,"1. 請洽詢醫師或營養師有關食用本品之意見；均衡的飲食及適當的運動為身體健康之基礎。  
2\\. 食用後若有身體不適狀況請暫停食用。  
3\\. 請置於孩童不易取得處，避免日光直射或高溫潮濕處。  
4\\. 本產品非藥品，供保健用，罹病者仍需就醫。  
5\\. 請依建議攝取量食用，勿過量。",https://consumer.fda.gov.tw//Food/InfoHealthFoodDetail.aspx?nodeID=162\\&id=380
衛部健食字第A00351號,衛署健食字,金盛旺極品椴木牛樟芝膠囊,2018/5/22,金盛旺生物科技股份有限公司,核可,可能總三萜(以齊墩果酸計),護肝,經動物實驗結果，有助於延緩四氯化碳誘導之化學性肝損傷或降低其危險因子。,"1.AST(GOT)、ALT(GPT)值持續異常升高，可能是肝臟疾病所引起，應立即就醫。  
2.嬰幼兒、孕婦、哺餵母乳者，如欲食用本產品，請洽詢醫師或醫療專業人員。  
3.有過敏體質或自體免疫疾病者，請洽詢醫師意見小心使用。","1.請徵詢醫生、藥師或營養師有關食用本品之意見；均衡的飲食及適當運動，為身體健康之基礎。  
2.目前接受醫師治療者，請與醫師商量後再食用。  
3.本產品非藥品，供保健用，罹病者仍需就醫。  
4.請依建議攝取量食用，勿過量。  
5.避免孩童自行取用。  
6.本產品不能治療矯正任何疾病，有病者仍需就醫。  
7.食用過量可能有安全疑慮。",https://consumer.fda.gov.tw//Food/InfoHealthFoodDetail.aspx?nodeID=162\\&id=412
衛部健食字第A00355號,衛署健食字,GM-BMD益生菌膠囊,2018/7/23,景岳生物科技股份有限公司,核可,植物乳桿菌(Lactobacillus plantarum)GMNL-662,骨質保健功能,"【骨質保健】  
經動物實驗結果，攝取本產品可能有助於延緩骨流失。",無,"(1)本產品非藥品，供保健用，罹病者仍需就醫。  
(2)請依建議攝取量食用，勿過量。",https://consumer.fda.gov.tw//Food/InfoHealthFoodDetail.aspx?nodeID=162\\&id=417
衛部健食字第A00356號,衛署健食字,舒甘調達食品膠囊,2018/10/2,宇力鑫生技股份有限公司,核可,"薑黃素  
甘草素",護肝功能,經動物實驗結果，攝取本產品有助於延緩四氯化碳誘導之化學性肝損傷或降低其危險因子。,"1.GOT、GPT持續異常升高可能是肝病變所引起，應立即就醫。  
2.本品含甘草素，須服其他藥物時，可請教專業人員。  
3.孕婦忌食。  
4.血鉀過低或高血壓患者不宜食用。  
5.本產品請勿長期或大量食用。","1.請洽詢醫師或營養師有關食用本品之意見，均衡的飲食及適當的運動為身體健康之基礎。  
2.本產品非藥品，供保健用，罹病者仍需就醫。  
3.請依建議攝取量食用，勿過量。",https://consumer.fda.gov.tw//Food/InfoHealthFoodDetail.aspx?nodeID=162\\&id=420
衛部健食字第A00358號,衛署健食字,紅麴磷蝦油軟膠囊,2018/8/10,美無痕生物科技股份有限公司,核可,HMG-CoA 還原酵素抑制劑-Monacolin K,調節血脂功能,"經人體食用研究結果：  
1.有助於降低血中總膽固醇含量。  
2.有助於降低血中低密度脂蛋白膽固醇含量。","1.本產品含有蝦及其製品，不適合其過敏體質者食用  
2.正在服用抗凝血劑者，例如：阿斯匹靈…等凝血功能不全者及嬰幼兒或糖尿病患者，食用前請先徵詢醫師意見  
3.本品與降血脂藥(statin及fibrate類藥物)、葡萄柚合併使用，恐會造成肝、腎損傷、橫紋肌溶解症。  
4.患有嚴重疾病、感染症、肝病或經外科手術等情況者，請勿食用。  
5.是否適用於膽固醇之控制，應先徵詢醫師。  
6.懷孕及授乳期間請勿食用。","1.請徵詢醫師、藥師或營養師有關食用本品之意見；均衡的飲食及適當的運動為身體健康之基礎  
2.本產品非藥品，供保健用，罹病者仍需就醫  
3.請依建議攝取量食用，勿過量",https://consumer.fda.gov.tw//Food/InfoHealthFoodDetail.aspx?nodeID=162\\&id=418
衛部健食字第A00359號,衛署健食字,綠淨肽®膠囊,2018/8/29,兆鴻生技股份有限公司,核可,本產品以精胺酸(Arginine)為品管指標成分,調節血脂,本產品經動物實驗結果結果：有助於降低血清中總膽固醇及三酸甘油酯。,,"1.請洽詢醫師或營養師有關食用本產品之意見。  
2.均衡的飲食及適量的運動為身體健康之基礎。  
3.本產品非藥品，供保健用，罹病者仍需就醫。  
4.請依建議攝取量食用，勿過量。",https://consumer.fda.gov.tw//Food/InfoHealthFoodDetail.aspx?nodeID=162\\&id=419
衛部健食字第A00367號,衛署健食字,活芯®升級版軟膠囊,2018/12/25,杏輝藥品工業股份有限公司,核可,松果菊苷、還原型輔酵素Q10,抗疲勞,"保健功效項目「抗疲勞」  
經動物實驗結果:有助於延緩運動後疲勞發生及促進運動後疲勞消除。",嬰幼兒、15 歲以下小孩、孕婦、哺乳期間婦女、服用抗凝血功能藥物(如:Warfarin)者，不宜食用。,"1. 食用前應徵詢醫師、藥或營養有關本品之意見；均衡的飲食及適當的運動為身體健康之基礎。  
2\\. 本品含有植物萃取，不同生產批號之產品，外觀略有顏色差異。  
3\\. 本品若有破損或完封不良，請勿食用。  
4\\. 請於開封後儘早食用完畢。  
5\\. 本產品含麩質穀物製品。  
6\\. 本產品非藥品， 供保健用，罹病者仍需就醫。  
7\\. 請依建議攝取量食用，勿過量 。  
8\\. 一日請勿超過一粒，多食無益。",https://consumer.fda.gov.tw//Food/InfoHealthFoodDetail.aspx?nodeID=162\\&id=430
衛部健食字第A00368號,衛署健食字,GSH 顧甘肽膠囊,2019/1/22,創百股份有限公司,核可,穀胱甘肽 Glutathione,護肝,經動物實驗結果，攝取本產品有助於延緩四氯化碳誘導之化學性肝損傷或降低其危險因子。,"1.對穀胱甘肽過敏者、孕婦、哺乳婦女及嬰幼兒應避免食用。  
2.一日請勿超過2顆。  
3.多食無益。","1.請洽詢醫師、藥師或營養師有關食用本品之意見；均衡的飲食及適當的運動為身體健康之基礎。  
2.本產品非藥品，供保健用，罹病者仍需就醫。  
3.請依建議攝取量食用，勿過量。",https://consumer.fda.gov.tw//Food/InfoHealthFoodDetail.aspx?nodeID=162\\&id=433
衛部健食字第A00369號,衛署健食字,舞纖停複方膠囊,2019/1/5,創益生技股份有限公司,核可,"總兒茶素(以EGC、EC、EGCG、ECG總合計算)  
迷迭香酸",不易形成體脂肪,"經動物實驗結果:有助於不易形成體脂肪。  
在嚴謹的營養均衡與熱量控制，以及適當的運動條件下，適量攝取本產品有助於不易形成體脂肪。","(1)孕婦、哺乳婦女、服用藥物及重大疾病患者，食用前請諮詢醫藥專業人員。  
(2)請勿讓孩童自行食用。  
(3)如有不適產生應立即停止食用並就醫。","(1)均衡的飲食及適當的運動為身體健康之基礎。  
(2)本產品非藥品，供保健用，罹病者仍需就醫。  
(3)請依建議攝取量食用，勿過量。",https://consumer.fda.gov.tw//Food/InfoHealthFoodDetail.aspx?nodeID=162\\&id=431
衛部健食字第A00373號,衛署健食字,典藏牛樟芝膠囊,2019/3/28,台灣利得生物科技股份有限公司,核可,"可能總三萜(Possible Triterpenoids)：44\\~66 毫克/2粒  
樟芝酸K(Antcin K)：0.144\\~0.216 毫克/2粒  
Beta-葡聚糖(β-Glucan)：52\\~78 毫克/2粒  
腺苷(Adenosine)：0.6\\~0.9 毫克/2粒","免疫調節, 護肝","\\[免疫調節\\]經動物實驗結果：  
1.有助於促進免疫細胞之增生能力。  
2.有助於提升吞噬細胞活性。  
3.有助於促進細胞激素IL-2之分泌。  
4.有助於增加血清抗體免疫球蛋白IgG之含量。  
  
\\[護肝\\]經動物實驗結果：  
攝取本產品有助於延緩四氯化碳誘導之化學性肝損傷或降低其危險因子。","1.嬰幼兒、孕婦、哺餵母乳者，如欲食用本產品，請洽詢醫師或醫療專業人員。  
2.有過敏體質或自體免疫疾病者，請洽詢醫師意見小心使用。  
3.AST(GOT)、ALT(GPT)值持續異常升高可能是肝臟疾病所引起，應立即就醫。","1.目前接受醫師治療者，請與醫師商量後再食用。  
2.本產品非藥品，供保健用，罹病者仍需就醫。  
3.請依建議攝取量食用，勿過量。  
4.請避免孩童自行取用。  
5.食用過量可能有安全疑慮。  
6.均衡飲食及適當運動，為身體健康之基礎。  
7.為維持產品品質，開封後請確實蓋緊瓶蓋，並盡早食用完畢。",https://consumer.fda.gov.tw//Food/InfoHealthFoodDetail.aspx?nodeID=162\\&id=437
衛部健食字第A00374號,衛署健食字,Antromax®牛樟芝菌絲體膠囊,2019/5/22,綠茵生技股份有限公司,核可,每份(1顆)含可能總三萜(以齊墩果酸計) 12.5\\~18.7 mg、腺苷0.09\\~0.135 mg,護肝,護肝：經動物實驗結果，攝取本產品有助於延緩四氯化碳誘導之化學性肝損傷或降低其危險因子。,"1.AST、ALT持續異常升高，可能是肝臟疾病所引起，應立即就醫。  
2.嬰幼兒、孕婦、哺餵母乳者如欲食用本產品，請洽詢醫師或醫療專業人員。  
3.有過敏體質或自體免疫疾病者，請洽詢醫師意見，小心使用。","1.請徵詢醫師、藥師或營養師有關食用本品之意見；均衡飲食及適當運動，為身體健康之基礎。  
2.目前接受醫師治療者，請與醫師商量後再食用。  
3.本產品非藥品，供保健用，罹病者仍需就醫。  
4.避免孩童自行取用。  
5.請依建議攝取量食用，勿過量。  
6.食用過量可能有安全疑慮。",https://consumer.fda.gov.tw//Food/InfoHealthFoodDetail.aspx?nodeID=162\\&id=438
衛部健食字第A00378號,衛署健食字,御沛方九將軍膠囊,2019/7/25,源穎生技股份有限公司,核可,類薑黃素 (以Curcumin、Demethoxycurcumin Bisdemethoxycurcumin計) 104 -156毫克/公克,護肝,經動物實驗結果，攝取本產品有助於延緩經酒精誘導所引起之脂肪肝或降低其危險因子。,"1. AST(GOT)、ALT(GPT)值持續異常升高可能是肝臟疾病所引起，應立即就醫。  
2\\. 如過敏體質、孕乳婦、手術前、傷口癒合前、請洽詢醫師或營養師有關食用本品之意見。  
3\\. 有罹患紅斑性狼瘡者請勿食用。","1. 均衡的飲食及適當的運動為身體健康之基礎。  
2\\. 本產品非藥品，供保健用，罹病者仍需就醫。  
3\\. 請依建議攝取量食用，勿過量。  
4\\. 請放置兒童不易取得處。",https://consumer.fda.gov.tw//Food/InfoHealthFoodDetail.aspx?nodeID=162\\&id=444
衛部健食字第A00379號,衛署健食字,正甘能膠囊,2019/8/8,泰宗生物科技股份有限公司,核可,以腺苷(Adenosine)為品管指標成分，每粒膠囊含腺苷(Adenosine) 1.442 mg±20% /粒。,護肝,"經動物實驗結果，有助於延緩經硫代乙醯胺誘導所引起之肝纖維化；  
經動物實驗結果，有助於延緩經酒精誘導所引起之脂肪肝；  
經動物實驗結果，有助於延緩經高脂飼料誘導所引起之脂肪肝。",無。,"1.懷孕、授乳、服用藥物者，請先洽詢醫師或營養師，食  
用本產品之意見。  
2.請置於陰涼乾燥處，避免高溫和日照。  
3.本產品若有破損或完封不良，請勿食用。  
4.本產品非藥品，供保健用，罹病者仍需就醫。5.請依建議攝取量食用，勿過量。  
6.本產品含冬蟲夏草菌絲體，不建議對真菌過敏者使用。  
7.本產品經20 週之高脂飼料誘導脂肪肝動物實驗結果，具保健功效。",https://consumer.fda.gov.tw//Food/InfoHealthFoodDetail.aspx?nodeID=162\\&id=1446
衛部健食字第A00380號,衛署健食字,台酒生技β-聚葡萄糖膠囊,2019/9/11,臺灣菸酒股份有限公司,核可,"每顆膠囊495毫克，內容物400毫克，  
含保健功效相關成分β-聚葡萄糖 225.0±45.0毫克。",免疫調節,"經動物實驗結果：  
1.有助於促進免疫細胞增生。  
2.有助於促進吞噬細胞活性。  
3.有助於促進自然殺手細胞活性。  
4.有助於調節特異性細胞激素分泌(增加IFN-γ及減少IL-4、IL-5)。",,"(1)本產品非藥品，供保健用，罹病者仍需就醫。  
(2)請依建議攝取量食用，勿過量。  
(3)請徵詢醫師、藥師或營養師有關食用本品之意見；均衡飲食及適當運動為身體健康之基礎。  
(4)孕婦、哺乳中婦女或有任何疾病者，請與醫師洽談後食用。",https://consumer.fda.gov.tw//Food/InfoHealthFoodDetail.aspx?nodeID=162\\&id=1449
衛部健食字第A00381號,衛署健食字,極品牛樟芝菌絲體膠囊,2019/8/5,合一生技股份有限公司,核可,以4-安卓奎諾爾B (4-acetylantroquinonol B)為品質管制指標；每顆含0.215\\~0.315 mg 4-acetylantroquinonol B,護肝,根據動物試驗結果，對四氯化碳誘發之大鼠肝臟損傷，有助於降低血清中AST (GOT)及ALT (GPT)值。,"1.AST(GOT)、ALT(GPT)值持續異常升高可能是肝臟疾病所引起，應立即就醫。  
2.嬰幼兒、孕婦、哺餵母乳者，如欲食用本產品，請洽詢醫師或醫療專業人員。","1.目前接受醫師治療者，請與醫師商量後再食用。  
2.本產品非藥品，供保健用，罹病者仍需就醫。  
3.避免孩童自行取用。  
4.請依建議攝取量食用，勿過量。  
5.均衡飲食及適當運動，為身體健康之基礎。  
6.食用過量可能有安全疑慮。",https://consumer.fda.gov.tw//Food/InfoHealthFoodDetail.aspx?nodeID=162\\&id=1445
衛部健食字第A00386號,衛署健食字,黃金組合甘甘好膠囊,2019/12/16,康霈生技股份有限公司,核可,"每粒膠囊627毫克(內容物525毫克)含  
1.薑黃素(Curcumin) 85 ± 17毫克/粒  
2.人參皂苷Rb1 4.0 ± 0.8毫克/粒","免疫調節, 護肝","護肝-  
經動物實驗結果，攝取本產品有助於延緩四氯化碳誘導之化學性肝損傷。  
免疫調節-  
經動物實驗結果，攝取本產品有助於：  
(1)促進吞噬細胞活性。  
(2)促進OVA抗原專一性IgG抗體之生成。  
(3)促進非專一性抗體IgA、IgM和IgG之生成。","1.一日請勿超過1粒，多食無益。  
2.食用後如有不適，請停止食用。  
3.本產品含有乳糖，不適合對其過敏者食用。","1.本產品非藥品，供保健用，罹病者仍需就醫。  
2.請依建議攝取量食用，勿過量。  
3.請徵詢醫師、藥師或營養師有關食用本產品之意見；均衡的飲食及適當的運動為身體健康之基礎。  
4.重大疾病及懷孕、哺乳婦女，請先洽詢醫師意見後再食用。  
5.請置於嬰幼兒不易取得之處。",https://consumer.fda.gov.tw//Food/InfoHealthFoodDetail.aspx?nodeID=162\\&id=1455
衛部健食字第A00393號,衛署健食字,金車補給園薑黃萃取物+GSH複方膠囊,2020/5/18,金車股份有限公司,核可,"每1粒膠囊  
類薑黃素 (以Curcumin、Bisdemethoxycurcumin  
及Demethoxycurcumin計) 200 ± 40毫克  
穀胱甘肽 125 ± 25毫克",護肝,經動物實驗結果，攝取本產品有助於延緩或降低經酒精誘導所引起之危險因子。,"1.對穀胱甘肽過敏者、孕婦、哺乳婦女及嬰幼兒應避免食用。  
2.一日請勿超過1粒、多食無益。","1. 本產品非藥品，供保健用，罹病者仍需就醫。  
2\\. 請依建議攝取量食用，勿過量。  
3\\. 請保有健康飲食習慣，維持適當體重。  
4\\. 請洽詢醫師或營養師有關食用本品之意見；均衡飲食及適當運動為身體健康之基礎。  
5\\. 若正值服用藥物等期間，請先洽詢醫師意見再決定是否食用。",https://consumer.fda.gov.tw//Food/InfoHealthFoodDetail.aspx?nodeID=162\\&id=1464
衛部健食字第A00396號,衛署健食字,人可和樟芝菌絲體膠囊,2020/8/6,永豐萊得股份有限公司,核可,"每粒膠囊595毫克，內容物500毫克  
含保健功效相關成分:  
可能總三萜(以齊墩果酸計)61.00±12.20毫克  
β-glucan 120.0±24.0毫克。","免疫調節, 護肝","(一)護肝  
經動物實驗結果：攝取本產品有助於延緩四氯化碳誘導之化學性肝損傷。  
(二)免疫調節  
經動物實驗結果：  
1.有助於促進自然殺手細胞活性。  
2.有助於促進吞噬細胞活性。  
3.有助於特異性免疫細胞增殖。","(1)嬰幼兒、孕婦、哺餵母乳者，如欲食用本產品，請洽詢醫師或醫療專業人員。  
(2)有過敏體質或自體免疫疾病者，請洽詢醫師意見小心使用。  
(3)AST(GOT)、ALT(GPT)值持續異常升高可能是肝臟疾病所引起，應立即就醫。","(1)本產品非藥品，供保健用，罹病者仍需就醫。  
(2)請依建議攝取量食用，勿過量。  
(3)食用過量可能有安全疑慮。  
(4)均衡飲食及適當運動為身體健康之基礎。  
(5)開封後，請將乾燥劑取出丟棄，確實蓋緊瓶蓋，並盡早食用完畢；請置於孩童無法取得之處，避免孩童自行取用。",https://consumer.fda.gov.tw//Food/InfoHealthFoodDetail.aspx?nodeID=162\\&id=1481
衛部健食字第A00399號,衛署健食字,葡眾猴頭菇菌絲體膠囊,2020/9/11,葡萄王生技股份有限公司,核可,每一粒含有:猴頭素A(Erinacine A) 1.32-1.98 mg,延緩衰老,經基因遺傳型老化動物模式實驗結果，本產品有助於延緩衰老之功效,無,"1.對本品過敏者，不建議食用。  
2.請洽詢醫師或營養師有關食用本品之意見，均衡的飲食及適當的運動為身體健康之基礎。  
3.本產品非藥品，供保健用，罹病者仍需就醫。  
4.請依建議攝取量食用，勿過量。",https://consumer.fda.gov.tw//Food/InfoHealthFoodDetail.aspx?nodeID=162\\&id=1484
衛部健食字第A00401號,衛署健食字,苷寳良®uSOLA紅麴植萃膠囊,2020/12/18,王子製藥股份有限公司,核可,"Monacolin K 2.0\\~3.0 mg/g(不含膠囊殼)；  
Monacolin K 1.0\\~1.5 mg/粒(不含膠囊殼)",護肝,經動物實驗結果，攝取本產品有助於延緩經高脂飼料誘導所引起之脂肪肝。,"1. 患有嚴重疾病、感染症、肝病或經外科手術等情況者，請勿食用。  
2\\. 是否適用於膽固醇之控制，應先徵詢醫師。  
3\\. 懷孕及授乳期間請勿食用。  
4\\. 本品與降血脂藥(statin 及fibrate 類藥物)、葡萄柚合併使用，恐會造成肝、腎損傷、橫紋肌溶解症。  
5\\. 一日勿超過4 粒，多食無益。  
6\\. 本產品含難消化性麥芽糊精，食用後可能產生排氣與脹氣現象，若有不適者，請停止食用。","1. 請洽詢醫師、藥師或營養師有關食用本品之意見；均衡的飲食及適當的運動為身體健康之基礎。  
2\\. 本產品非藥品，供保健用，罹病者仍需就醫。  
3\\. 請依建議攝取量食用，勿過量。",https://consumer.fda.gov.tw//Food/InfoHealthFoodDetail.aspx?nodeID=162\\&id=1486
衛部健食字第A00406號,衛署健食字,三得利 芝麻明EX 膠囊,2021/3/26,新加坡商三得利健益亞太股份有限公司,核可,"每份含  
芝麻素類 (以芝麻素、表芝麻素計)：8-12毫克  
維生素E (以α-tocopherol計)：44-66 毫克α-TE",護肝,經動物實驗結果，攝取本產品有助於延緩四氯化碳誘導之化學性肝損傷。,無,"如食用後產生不適，請立即停止食用。  
懷孕、哺乳期間以及兒童請避免食用。  
正在接受治療或服用藥物者，食用前請先諮詢醫師。  
本產品非藥品，供保健用，罹病者仍需就醫。  
請依建議攝取量食用，勿過量。  
一日請勿超過3顆。  
本產品含有芝麻。",https://consumer.fda.gov.tw//Food/InfoHealthFoodDetail.aspx?nodeID=162\\&id=1491
衛部健食字第A00409號,衛署健食字,保衛佳®膠囊,2021/6/7,扶陞貿易有限公司,核可,"保健功效之相關成分含量：  
半乳甘露聚醣(以半乳糖及甘露糖計)：303.0\\~454.5 毫克/粒  
  
品管指標之相關成分含量：  
膳食纖維：342.2 \\~ 513.2毫克/粒",胃腸功能改善,經動物實驗結果：有助於胃黏膜保護作用,,"1.請搭配適量(約200毫升)溫開水。  
2.本產品非藥品，供保健用，罹病者仍需就醫。  
3.請依建議攝取量食用，勿過量。",https://consumer.fda.gov.tw//Food/InfoHealthFoodDetail.aspx?nodeID=162\\&id=1494
衛部健食字第A00411號,衛署健食字,蘭亭牛樟芝菌絲體膠囊,2021/11/30,蘭亭生物科技股份有限公司,核可,(β-葡聚醣) :50mg±10mg,調節血糖,本產品經動物實驗結果：對禁食血糖值偏高者，具有輔助調節血糖作用,"(1) 嬰幼兒、孕婦、哺餵母乳者，如欲食用本產品，請洽詢醫師或醫療專業人員。  
(2) 不可與藥品一起服用。","(1) 本產品非藥品，供保健用，罹病者仍需就醫。  
(2) 請依建議攝取量食用，勿過量。  
(3) 食用過量可能有安全疑慮。  
(4) 避免孩童自行取用。",https://consumer.fda.gov.tw//Food/InfoHealthFoodDetail.aspx?nodeID=162\\&id=1502
衛部健食字第A00412號,衛署健食字,聚安堂納豆紅麴膠囊,2021/12/8,台灣優杏生物科技股份有限公司,核可,"保健功效之相關成分含量  
Monacolin K 1.91\\~2.86 mg/粒",調節血脂,"經動物試驗結果：  
1\\. 有助於降低血清三酸甘油酯   
2\\. 有助於降低血清總膽固醇   
3\\. 有助於降低低密度脂蛋白膽固醇","1.患有嚴重疾病、感染症、肝病或經外科手術等情況者，請勿食用。  
2.是否適用於膽固醇之控制，應先徵詢醫師。  
3.懷孕及授乳期間請勿食用。  
4.本品與降血脂藥(statin 及fibrate 類藥物)、葡萄柚合併使用，恐會造成肝、腎損傷、橫紋肌溶解症。","1.請徵詢醫師、藥師或營養師有關食用本品之意見；均衡的飲食及適當的運動為身體健康之基礎。   
2.本產品非藥品，供保健用，罹病者仍需就醫。  
3.請依建議攝取量食用，勿過量。  
4.本產品含有大豆及乳製品。",https://consumer.fda.gov.tw//Food/InfoHealthFoodDetail.aspx?nodeID=162\\&id=1503
衛部健食字第A00418號,衛署健食字,聿健®活力膠囊,2022/1/10,聿新生物科技股份有限公司新竹科學園區分公司,核可,以蝦紅素(Astaxanthin)為品管指標成分：0.22% \\~ 0.33% (0.55 mg \\~ 0.83 mg/粒),調節血脂功能,本產品經動物實驗結果證實：1.有助於降低血清中總膽固醇；2.有助於降低血清中低密度脂蛋白膽固醇。,服用抗凝血藥品之病患不宜食用。,"1.孕婦、哺乳期間婦女，請徵詢醫生指示。  
2.本產品非藥品，供保健用，罹病者仍需就醫。  
3.請依建議攝取量食用，勿過量。",
衛部健食字第A00422號,衛署健食字,葡萄王易得纖益生菌膠囊,2022/4/19,葡萄王生技股份有限公司,核可,品管指標成分：活性總乳酸菌≧2.1×1010 CFU/g,不易形成體脂肪,"不易形成體脂肪:  
經動物實驗結果，有助於不易形成體脂肪。在嚴謹的營養均衡與熱量控制，以及適當的運動條件下，適量攝取本產品有助於不易形成體脂肪。",本品含乳製品，對乳製品過敏者謹慎使用。,"(1) 本產品非藥品，供保健用，罹病者仍需就醫。  
(2) 請依建議攝取量食用，勿過量。",
衛部健食字第A00424號,衛署健食字,孅柑萃膠囊,2022/4/29,百達醫企業有限公司,核可,柚皮苷 (Naringin) 126.8\\~190.2 毫克/克內容物,不易形成體脂肪,經動物實驗結果：有助於不易形成體脂肪。在嚴謹的營養均衡與熱量控制，以及適當的運動條件下，適量攝取本產品有助於不易形成體脂肪。,"1.一日請勿超過2顆，多食無益。  
2\\. 如有特殊體質請洽詢醫師或營養師。  
3\\. 懷孕及授乳期間請勿食用。  
4\\. 本品含有葡萄柚成分，可能與特定藥品(如高血壓藥物)產生交互作用，服用前請注意。","1. 本產品非藥品，供保健用，罹病者仍需就醫。  
2\\. 請依建議攝取量食用，勿過量。  
3.咖啡因含量: 20mg以下/每份2顆。",http://consumer.fda.gov.tw/Food/InfoHealthFoodDetail.aspx?nodeID=162\\&id=1516
衛部健食字第A00425號,衛署健食字,燃燒日記膠囊,2022/4/20,麗彤生醫科技股份有限公司,核可,"保健功效成分：兒茶素283±56.6 毫克/克內容物。  
品管指標成分：綠原酸3.73±0.75 毫克/克內容物。",不易形成體脂肪,經動物實驗結果：有助於不易形成體脂肪。在嚴謹的營養均衡與熱量控制，以及適當的運動條件下，適量攝取本產品有助於不易形成體脂肪。,"1.本產品含有乳糖，不適合其過敏體質者食用。  
2.乳糖不耐症者，請洽詢醫師或營養師有關食用本品之意見。  
3.服用藥物者，欲食用本產品宜先諮詢醫療人員。  
4.哺餵母乳者、老年人及具心血管疾病者不宜使用。  
5.十二歲以下孩童、孕婦、消化不良與重大疾病患者不宜食用。  
6.服用抗凝血藥品之病患不宜食用。","1.本產品非藥品，供保健用，罹病者仍需就醫。  
2.請依建議攝取量食用，勿過量。  
3.請洽詢醫師或營養師有關食用本品之意見。",http://consumer.fda.gov.tw/Food/InfoHealthFoodDetail.aspx?nodeID=162\\&id=1515
衛部健食字第A00435號,衛署健食字,善又美草本複方膠囊,2022/10/25,科達製藥股份有限公司,核可,"二氫楊梅素(Dihydromyricetin)：290.4 \\~ 435.6 mg/2粒  
橙皮苷(Hesperidin)：5.68 \\~ 8.52 mg/2粒",不易形成體脂肪,經動物實驗結果：有助於不易形成體脂肪。在嚴謹的營養均衡與熱量控制，以及適當的運動條件下，適量攝取本產品有助於不易形成體脂肪。,無,"(1)請徵詢醫師、藥師或營養師有關食用本品之意見；均衡的飲食及適當的運動為身體健康之基礎。  
(2)本產品非藥品，供保健用，罹病者仍需就醫。  
(3)請依建議攝取量食用，勿過量。",http://consumer.fda.gov.tw/Food/InfoHealthFoodDetail.aspx?nodeID=162\\&id=1530
衛部健食字第A00440號,衛署健食字,旨樂清膠囊,2023/5/22,精華生醫股份有限公司,核可,Monacolin K,調節血脂,"經動物實驗結果：  
1.有助於降低血中三酸甘油酯  
2.有助於降低血中總膽固醇  
3.有助於降低血中低密度脂蛋白膽固醇","1.患有嚴重疾病、感染症、肝病或經外科手術等情況者，請勿食用。  
2.是否適用於膽固醇之控制，應先徵詢醫師。  
3.懷孕及授乳期間請勿食用。  
4.本品與降血脂藥(statin及fibrate類藥物)、葡萄柚合併使用，恐會造成肝、腎損傷、橫紋肌溶解症。  
5.一日請勿超過2顆，多食無益。","1.請徵詢醫師或營養師有關食用本品之意見；均衡的飲食及適當的運動為身體健康之基礎。  
2.本產品非藥品，供保健用，罹病者仍需就醫。  
3.請依建議攝取量食用，勿過量。  
4.本產品含有芝麻。",http://consumer.fda.gov.tw/Food/InfoHealthFoodDetail.aspx?nodeID=162\\&id=1538
衛部健食字第A00442號,衛署健食字,樟之力牛樟芝菌絲體膠囊,2023/5/11,綠茵生技股份有限公司,核可,可能總三萜(以齊墩果酸計)、腺苷。,免疫調節,"經動物實驗結果：  
1.有助於非特異性免疫細胞增殖  
2.有助於增加特異性免疫細胞激素IFN-γ的分泌","1.請徵詢醫師、藥師或營養師有關食用本品之意見；均衡的飲食及適當運動，為身體健康之基礎。  
2.目前接受醫師治療者，請與醫師商量後再食用。  
3.本產品非藥品，供保健用，罹病者仍需就醫。  
4.避免孩童自行取用。  
5.請依建議攝取量食用，勿過量。  
6.食用過量可能有安全疑慮。","1.嬰幼兒、孕婦、哺餵母乳者如欲食用本產品，請洽詢醫師或醫療專業人員。  
2.有過敏體質或自體免疫疾病者，請洽詢醫師意見，小心使用。",http://consumer.fda.gov.tw/Food/InfoHealthFoodDetail.aspx?nodeID=162\\&id=1537
衛部健食字第A00443號,衛署健食字,TWK10® 乳酸菌膠囊,2023/9/27,生合生物科技股份有限公司,核可,總乳酸菌(以Lactobacillus plantarum TWK10計),抗疲勞,經動物試驗結果：有助於延緩運動疲勞發生及促進運動後疲勞消除。,無。,"1.本產品非藥品，供保健用，罹病者仍需就醫。  
2.請依建議攝取量食用，勿過量，或洽詢醫師或營養師有關食用本品之意見。  
3.請小心存放，避免孩童自行拿取。",http://consumer.fda.gov.tw//Food/InfoHealthFoodDetail.aspx?nodeID=162\\&id=1543
衛部健食字第A00444號,衛署健食字,輕甘酯膠囊,2024/3/19,泰宗生物科技股份有限公司,核可,本產品以腺苷(Adenosine)為品管指標成分，內容物515 mg±10%/粒；每粒膠囊含腺苷(Adenosine) 1.442 mg±20%/粒。,護肝,"經動物實驗結果，攝取本產品有助於延緩硫代乙醯胺誘導之肝纖維化。  
經動物實驗結果，攝取本產品有助於延緩經酒精誘導所引起之脂肪肝。  
經動物實驗結果，攝取本產品有助於延緩經高脂飼料誘導所引起之脂肪肝。",無。,"1.懷孕、授乳、服用藥物者，請先洽詢醫師或營養師，食用本產品之意見。  
2.請置於陰涼乾燥處，避免高溫和日照。  
3.本產品若有破損或完封不良，請勿食用。  
4.本產品非藥品，供保健用，罹病者仍需就醫。  
5.請依建議攝取量食用，勿過量。",http://consumer.fda.gov.tw/Food/InfoHealthFoodDetail.aspx?nodeID=162\\&id=1548
衛部健食字第A00445號,衛署健食字,酐衛複方草本精華膠囊,2023/12/28,澤生生技股份有限公司,核可,"五味子乙素為本品的品管指標成分。  
本品每粒膠囊 595 mg ± 5% 中含有五味子乙素 0.060\\~0.090 mg/粒。",護肝,"經動物實驗結果：  
攝取本產品有助於延緩四氯化碳誘導之化學性肝損傷。",無。,"1.懷孕、哺乳、服用藥物者，請先洽詢醫師食用本產品之意見。  
2.本產品非藥品，供保健用，罹病者仍需就醫。  
3.請依建議攝取量食用，勿過量""",http://consumer.fda.gov.tw/Food/InfoHealthFoodDetail.aspx?nodeID=162\\&id=1547
衛部健食字第A00448號,衛署健食字,多補多β-Glucan膠囊,2024/4/23,禮得健康有限公司,核可,β-聚葡萄糖 (β-Glucan) 56\\~84 g/100 g,免疫調節,"經動物實驗結果：  
1.可增加免疫細胞增生能力。  
2.可增加腹腔吞噬細胞活性。  
3.可促進免疫抗體IgG的形成。",無,"(1)保存在陰涼乾燥處(約25℃)，避免熱及陽光直射。  
(2)本產品非藥品，供保健用，罹病者仍需就醫。  
(3)請依建議攝取量食用，勿過量。",http://consumer.fda.gov.tw/Food/InfoHealthFoodDetail.aspx?nodeID=162\\&id=1552
衛部健食字第A00449號,衛署健食字,芯動力膠囊,2024/4/16,亞洲生化科技股份有限公司,核可,L-精胺酸：696-1044 mg/2粒,調節血脂,經動物實驗結果：有助於降低血中總膽固醇。,"1.懷孕婦女、洗腎病人，食用前請先洽醫療專業人員。  
2.開完刀後病人(建議等3個月傷口癒合後)，食用前請先洽醫療專業人員。  
3.本產品非藥品，供保健用，罹病者仍需就醫。  
4.請依建議攝取量食用，勿過量。","1.不可與藥品一起服用。（至少要間隔1小時以上）。  
2.嬰兒不得食用。  
3.一日請勿超過六粒，多食無益。",http://consumer.fda.gov.tw/Food/InfoHealthFoodDetail.aspx?nodeID=162\\&id=1551
衛部健食字第A00450號,衛署健食字,青之寶膠囊,2024/5/15,晶沛生技有限公司,核可,"保健功效相關成分含量，每份(2顆)含  
橄欖多酚(以Hydroxytyrosol計) 12.32\\~18.48 毫克",調節血脂,經動物實驗結果：(1)有助於降低血中總膽固醇。(2)有助於降低血中三酸甘油酯。(3)有助於降低血中低密度脂蛋白膽固醇。,"1.孕婦及嬰幼兒不宜食用。  
2.本產品含有難消化性麥芽糊精，食用後可能產生排氣與脹氣現象，若有不適者，請停止食用。","1.請徵詢醫師、藥師或營養師有關食用本品之意見；均衡的飲食及適當的運動為身體健康之基礎。  
2.本產品非藥品，供保健用，罹病者仍需就醫。  
3.請依建議攝取量食用，勿過量。",http://consumer.fda.gov.tw/Food/InfoHealthFoodDetail.aspx?nodeID=162\\&id=1554
衛部健食字第A00451號,衛署健食字,健字山苦瓜膠囊,2024/7/1,精華生醫股份有限公司,核可,三價鉻：64.774\\~97.160 mg/kg,調節血糖,經動物實驗結果：對禁食血糖值偏高者，具有輔助調節血糖作用。,食用本品，在使用藥物前須先諮詢醫師或藥師。,"1.請徵詢醫師或營養師有關食用本品之意見；均衡的飲食及適當的運動為身體健康之基礎。  
2.本產品非藥品，供保健用，罹病者仍需就醫。  
3.請依建議攝取量食用，勿過量。  
4.本產品含有芝麻，不適合對其過敏體質者食用。  
5.一日請勿超過4顆，多食無益。",http://consumer.fda.gov.tw/Food/InfoHealthFoodDetail.aspx?nodeID=162\\&id=1555
衛部健食字第A00458號,衛署健食字,大研德國極品魚油軟膠囊,2025/4/25,大研生醫國際股份有限公司,核可,"EPA 391 \\~ 529 mg/g  
DHA 259 \\~ 351 mg/g",調節血脂,"經動物實驗結果：  
1.有助於降低血中總膽固醇（TC）。  
2.有助於降低血中三酸甘油酯（TG）。  
3.有助於降低血中低密度脂蛋白膽固醇（LDL-C）。","1. 中風及心律不整病人應避免食用。  
2\\. 正在服用抗凝血劑者，例如：阿斯匹靈…等凝血功能不全者及嬰幼兒、孕婦或糖尿病病人，食用前請先徵詢醫  
師意見。  
3\\. 本產品含有魚類製品，不適合對其過敏體質者食用。","1.請徵詢醫師、藥師或營養師有關食用本品之意見；均衡的飲食及適當的運動為身體健康之基礎。  
2.本產品非藥品，供保健用，罹病者仍需就醫。  
3.請依建議攝取量食用，勿過量。",http://consumer.fda.gov.tw/Food/InfoHealthFoodDetail.aspx?nodeID=162\\&id=1566
衛部健食字第A00460號,衛署健食字,鎂娜®紅景天膠囊,2025/6/2,豐山生技醫藥品股份有限公司,核可,絡薩維(Rosavin)：3.6 ± 0.72亳克/顆 膠囊,抗疲勞,經動物試驗結果，攝取本產品有助於延緩運動後疲勞的發生及促進運動後疲勞消除。,"1. 15歲以下小孩、懷孕或授乳期間婦女，請勿食用。  
2\\. 有胃潰瘍體質者，建議應於餐後食用；對本產品有過敏反應者，請勿食用。","1.本產品非藥品，供保健用，罹病者仍需就醫。  
2.請依建議攝取量食用，勿過量。  
3.均衡的飲食及適當運動為身體健康之基礎。  
4.若有服用藥物，請先洽詢醫師、藥師或營養師有關食用本品之意見，再決定是否食用。  
5.食用後請即關緊瓶蓋或收妥，防止受潮；置於兒童不易取得處避免誤食。",http://consumer.fda.gov.tw/Food/InfoHealthFoodDetail.aspx?nodeID=162\\&id=1569
衛部健食字第A00462號,衛署健食字,善存守護PRO益生菌膠囊,2025/7/10,美商百豐生醫股份有限公司台灣分公司,核可,總乳酸菌數 ≥ 1.0 × 10^10 CFU/g,免疫調節,"經動物實驗結果，有助於：  
1.促進非特異性免疫之細胞激素IFN-γ分泌。  
2.促進吞噬細胞活性。  
3.可促進免疫抗體的形成。","1.一日請勿超過2粒，多食無益。  
2.有免疫疾病者(如過敏體質、紅斑性狼瘡(SLE)患者或器官移植者)請勿食用本產品。  
3.嬰幼兒應避免食用本產品。  
4.孕婦及授乳婦食用前請先諮詢專業醫師。  
5.本產品含菊苣纖維，食用後可能產生排氣或脹氣現象，若有不適者，請停止食用。","1.本產品含有牛奶製品，不適合對其過敏體質者食用。  
2.本產品非藥品，供保健用，罹病者仍需就醫。  
3.請依建議攝取量食用，勿過量。  
4.請遠離兒童視線並置於兒童無法取得之處。  
5.若不慎食用過量或食用後有不適症狀，應立即停用就醫。  
6.若您有任何病症或正在服用藥物，食用前請洽醫藥專業人員。  
7.膳食補充品不應取代均衡飲食。若您食用其他補充品，請詳讀標示是否含有相同的成分。  
8.避免與抗生素同時使用而降低效果，建議間隔2小時以上更佳。",http://consumer.fda.gov.tw/Food/InfoHealthFoodDetail.aspx?nodeID=162\\&id=1572
衛部健食字第A00465號,衛署健食字,GREENGOLD 藤燃果膠囊,2025/9/15,台灣綠金家園有限公司,核可,羥基檸檬酸320\\~480 mg/g,不易形成體脂肪,經動物實驗結果，有助於不易形成體脂肪。在嚴謹的營養均衡與熱量控制，以及適當的運動條件下，適量攝取本產品有助於不易形成體脂肪。,"1. 如出現消化道不適、頭痛、頭暈、口乾、噁心、出汗等不適症狀，應停止使用並就醫。  
2\\. 12歲以下孩童、孕婦、授乳期間、消化不良與重大疾病患者不宜食用。  
3\\. 本品可能增加或減少CYP450酵素代謝之藥物（如高血壓藥物、精神科用藥等）濃度，倘使用相關藥物者，建議諮詢醫師、藥師或營養師有關食用本品之意見。  
4\\. 患有躁症、思覺失調症或肝移植等情況者，請勿食用。","1. 請徵詢醫師、藥師或營養師有關食用本品之意見；均衡的飲食及適當的運動為身體健康之基礎。  
2\\. 本產品非藥品，供保健用，罹病者仍需就醫。  
3\\. 請依建議攝取量食用，勿過量。",http://consumer.fda.gov.tw/Food/InfoHealthFoodDetail.aspx?nodeID=162\\&id=1575
衛部健食字第A00466號,衛署健食字,長庚冬蟲夏草菌絲體膠囊,2025/12/22,長庚生物科技股份有限公司,核可,腺苷含量 0.63±0.126 mg/350 mg (每粒膠囊內容物),抗疲勞,"經動物實驗結果：  
1.有助於提高肝醣濃度並增加運動耐力。  
2.有助於延緩疲勞發生。",本產品發酵培養基含大豆成分，過敏體質者，請諮詢醫師或醫療專業人員。,"1.本產品非藥品，供保健用，罹病者仍需就醫。  
2.均衡飲食及適當運動為身體健康之基礎。  
3.包裝如有破損或封裝不良，請勿食用。  
4.請直接吞食膠囊，勿嚼碎或浸泡。  
5.請依建議攝取量食用，勿過量。",http://consumer.fda.gov.tw/Food/InfoHealthFoodDetail.aspx?nodeID=162\\&id=1583
衛部健食字第A00470號,衛署健食字,納豆紅麴複方膠囊,2026/2/3,愷達生醫有限公司,核可,Monacolin K： 7.056\\~10.584 mg/g,調節血脂,"經動物實驗結果：  
1.有助於降低血中三酸甘油酯  
2.有助於降低血中總膽固醇  
3.有助於降低血中低密度脂蛋白膽固醇","1.一日請勿超過2顆，多食無益。  
2.患有嚴重疾病、感染症、肝病或經外科手術等情況者，請勿食用。  
3.懷孕及授乳期間請勿食用。  
4.若有服用抗凝血藥物者，應先徵詢醫師指導使用。  
5.本品與降血脂藥(statin及fibrate類藥物)、葡萄柚合併使用，恐會造成肝、腎損傷、橫紋肌溶解症。","1.請徵詢醫師、藥師或營養師有關食用本品之意見；均衡的飲食及適當的運動為身體健康之基礎。  
2.本產品非藥品，供保健用，罹病者仍需就醫。  
3.請依建議攝取量食用，勿過量。  
4.本產品含有大豆、芝麻。",http://consumer.fda.gov.tw/Food/InfoHealthFoodDetail.aspx?nodeID=162\\&id=1589
衛部健食規字第000038號,衛署健食規字,好脂速膠囊,2013/12/30,悅寶生物科技股份有限公司,核可,Omega-3 acids (EPA+DHA),"調節血脂, 魚油（規格標準）-調節血脂",本產品可能有助於降低血中三酸甘油酯；其功效乃由學理得知，非由實驗確認。,正在服用抗凝血劑者，例如：阿斯匹靈...等凝血功能不全者及嬰幼兒、孕婦或糖尿病患者，食用前請先徵詢醫師意見。,"1.食用前應先徵詢醫師、藥師或營養師有關食用本品之意見；均衡的飲食及適當的運動為身體健康之基礎。  
2.本產品不能治療矯正任何疾病，有病者仍需就醫。  
3.多食或過量無益。",https://consumer.fda.gov.tw/Food/InfoHealthFoodDetail.aspx?nodeID=162\\&id=252
衛部健食規字第000041號,衛署健食規字,好清醇紅麴素食膠囊,2013/12/31,蒙帝那生物科技股份有限公司,核可,Monacolin K,"調節血脂, 紅麴（規格標準）-調節血脂",本產品可能有助於降低血中總膽固醇；其功效由學理得知，非由實驗確認。,"1.患有嚴重疾病、感染症、肝病或經外科手術等情況者，請勿食用。   
2.是否適用於膽固醇之控制，應先徵詢醫師。   
3.本產品不應替代藥品使用。  
4.本產品與降血脂藥(statin及fibrate類藥物)、葡萄柚合併使用，恐會造成肝、腎損傷、橫紋肌溶解症。","1.請徵詢醫師、藥師或營養師有關食用本品之意見；均衡的飲食及適當的運動為身體健康之基礎。   
2.本產品非藥品，供保健用，罹病者仍需就醫。   
3.請依建議攝取量食用，多過量。",https://consumer.fda.gov.tw/Food/InfoHealthFoodDetail.aspx?nodeID=162\\&id=254
衛部健食規字第000042號,衛署健食規字,愛之味紅麴保健膠囊,2014/6/13,愛之味股份有限公司,核可,Monacolin K,"調節血脂, 紅麴（規格標準）-調節血脂",本產品可能有助於降低血中總膽固醇；其功效由學理得知，非由實驗確認。,"1.患有嚴重疾病、感染症、肝病或經外科手術等情況者，請勿食用。  
2.是否適用於膽固醇之控制，應先徵詢醫師。  
3.本品與降血脂藥(statin 及 fibrate 類藥物)、葡萄柚合併使用，恐會造成肝、腎損傷、橫紋肌溶解症。  
4.懷孕及授乳期間請勿食用。","1.請徵詢醫師、藥師或營養師有關食用本品之意見：均衡的飲食及適當的運動為身體健康之基礎。  
2.本產品非藥品，供保健用，罹病者仍需就醫。  
3.請依建議攝取量食用，勿過量。",https://consumer.fda.gov.tw/Food/InfoHealthFoodDetail.aspx?nodeID=162\\&id=271
衛部健食規字第000043號,衛署健食規字,首席麴萃紅麴膠囊,2014/3/18,世博生技有限公司,核可,Monacolin K,"調節血脂, 紅麴（規格標準）-調節血脂",本產品可能有助於降低血中總膽固醇；其功效由學理得知，非由實驗確認。,"1.患有嚴重疾病、感染症、肝病或經外科手術等情況者，請勿食用。  
2.是否適用於膽固醇之控制，應先徵詢醫師。  
3.懷孕及授乳期間請勿食用。  
4.本品與降血脂藥(statin及fibrate類藥物)、葡萄柚合併使用，恐會造成肝、腎損傷、橫紋肌溶解症。","1.請徵詢醫師、藥師或營養師有關食用本品之意見；均衡的飲食及適當的運動為身體健康之基礎。  
2.本產品非藥品，供保健用，罹病者仍需就醫。   
3.請依建議攝取量食用，勿過量。",https://consumer.fda.gov.tw/Food/InfoHealthFoodDetail.aspx?nodeID=162\\&id=259
衛部健食規字第000044號,衛署健食規字,歐米茄3深海魚油軟膠囊,2014/4/30,大江基因醫學股份有限公司,核可,Omega-3 acids,"調節血脂, 魚油（規格標準）-調節血脂",本產品可能有助於降低血中三酸甘油脂；其功效乃由學理得知，非由實驗確認。,正在服用抗凝血劑者，例如：阿斯匹靈…等凝血功能不全者及嬰幼兒、孕婦或糖尿病患者，食用前請先徵詢醫師意見。,"1.食用前應徵詢醫師、藥師或營養師有關食用本品之意見；均衡的飲食及適當的運動為身體健康之基礎。  
2.本產品非藥品，供保健用，罹病者仍需就醫。  
3.請依建議攝取量食用，勿過量。",https://consumer.fda.gov.tw/Food/InfoHealthFoodDetail.aspx?nodeID=162\\&id=267
衛部健食規字第000045號,衛署健食規字,養生淨魚油軟膠囊,2014/4/30,大江生醫股份有限公司,核可,Omega-3 acids,"調節血脂, 魚油（規格標準）-調節血脂",本產品可能有助於降低血中三酸甘油脂；其功效乃由學理得知，非由實驗確認。,正在服用抗凝血劑者，例如：阿斯匹靈…等凝血功能不全者及嬰幼兒、孕婦或糖尿病患者，食用前請先徵詢醫師意見。,"1.本產品非藥品，供保健用，罹病者仍需就醫。  
2.請依建議攝取量食用，勿過量。  
3.食用前應徵詢醫師、藥師或營養師有關食用本品之意見；均衡的飲食及  
適當的運動為身體健康之基礎。  
4.本產品不能治療矯正任何疾病，有病者仍需就醫。  
5.多食或過量無益。",https://consumer.fda.gov.tw/Food/InfoHealthFoodDetail.aspx?nodeID=162\\&id=268
衛部健食規字第000046號,衛署健食規字,清輕青魚油軟膠囊,2014/4/29,台灣第一新藥股份有限公司,核可,Omega-3 acids,"調節血脂, 魚油（規格標準）-調節血脂",本產品可能有助於降低血中三酸甘油脂；其功效乃由學理得知，非由實驗確認。,正在服用抗凝血劑者，例如：阿斯匹靈…等凝血功能不全者及嬰幼兒、孕婦或糖尿病患者，食用前請先徵詢醫師意見。,"1.本產品非藥品，供保健用，罹病者仍需就醫。  
2.請依建議攝取量食用，勿過量。  
3.食用前應徵詢醫師、藥師或營養師有關食用本品之意見；均衡的飲食及  
適當的運動為身體健康之基礎。  
4.本產品不能治療矯正任何疾病，有病者仍需就醫。  
5.多食或過量無益。",https://consumer.fda.gov.tw//Food/InfoHealthFoodDetail.aspx?nodeID=162\\&id=266
衛部健食規字第000047號,衛署健食規字,雙魚海中寶魚油軟膠囊,2014/5/5,德山製藥股份有限公司,核可,Omega-3 acids (EPA+DHA),"調節血脂, 魚油（規格標準）-調節血脂",本產品可能有助於降低血中三酸甘油酯；其功效乃由學理得知，非由實驗確認。,正在服用抗凝血劑者，例如:阿斯匹靈…等凝血功能不全者及嬰幼兒、孕婦或糖尿病患者，食用前請先徵詢醫師意見。,"1.食用前應徵詢醫師、藥師或營養師有關食用本品之意見；均衡的飲食及適當的運動為身體健康之基礎。  
2.本產品非藥品，供保健用，罹病者仍需就醫。  
3.請依建議攝取量食用，勿過量。  
4.本產品不能治療矯正任何疾病，有病者仍需就醫。  
5.多食或過量無益。",https://consumer.fda.gov.tw//Food/InfoHealthFoodDetail.aspx?nodeID=162\\&id=269
衛部健食規字第000048號,衛署健食規字,漁人健康魚油軟膠囊,2014/8/27,漁人製藥股份有限公司,核可,"Omega-3 acids (EPA+DHA)   
二十碳五烯酸 (EPA)   
二十碳六烯酸 (DHA)","調節血脂, 魚油（規格標準）-調節血脂",本產品可能有助於降低血中三酸甘油酯；其功效由學理得知，非由實驗確認。,正在服用抗凝血劑者，例如:阿斯匹靈…等凝血功能不全者及嬰幼兒、孕婦或糖尿病患者，食用前請先徵詢醫師意見。,"(1) 請徵詢醫師、藥師或營養師有關食用本品之意見；均衡的飲食及適當的運動為身體健康之基礎。  
(2) 本產品非藥品，供保健用，罹病者仍需就醫。  
(3) 請依建議攝取量食用，勿過量。",https://consumer.fda.gov.tw//Food/InfoHealthFoodDetail.aspx?nodeID=162\\&id=1492
衛部健食規字第000049號,衛署健食規字,麴康膠囊,2014/7/11,禾懋生物醫學股份有限公司,核可,Monacolin K,"調節血脂, 紅麴（規格標準）-調節血脂",本產品可能有助於降低血中總膽固醇；其功效由學理得知，非由實驗確認。,"1.患有嚴重疾病、感染症、肝病或經外科手術等情況者，請勿食用。  
2.是否適用於膽固醇之控制，應先徵詢醫師。  
3.懷孕及授乳期間請勿食用。  
4.本品與降血脂藥(statin及fibrate類藥物)、葡萄柚合併使用，恐  
會造成肝、腎損傷、橫紋肌溶解症。","1.請徵詢醫師、藥師或營養師有關食用本品之意見；均衡的飲食及適  
當的運動為身體健康之基礎。  
2.本產品非藥品，供保健用，罹病者仍需就醫。  
3\\. 請依建議攝取量食用，勿過量。",https://consumer.fda.gov.tw//Food/InfoHealthFoodDetail.aspx?nodeID=162\\&id=273
衛部健食規字第000050號,衛署健食規字,愛之味深海魚油膠囊,2014/9/17,愛之味股份有限公司,核可,"純度(EPA+DHA)含量  
二十碳五烯酸 (EPA)  
二十二碳六烯酸 (DHA)","調節血脂, 魚油（規格標準）-調節血脂",本產品可能有助於降低血中三酸甘油酯；其功效乃由學理得知，非由實驗確認。,正在服用抗凝血劑者，例如：阿斯匹靈…等凝血功能不全者及嬰幼兒、孕婦或糖尿病患者，食用前請先徵詢醫師意見。,"1.開封時如發現包裝破損或任何品質異常，請將整盒產品交回公司更換新品。  
2.食用前應徵詢醫師、藥師或營養師有關食用本品之意見:均衡的飲食及適當的運動為身體健康之基礎。  
3.本產品非藥品，供保健用，罹病者仍需就醫。  
4.請依建議攝取量食用，勿過量。",https://consumer.fda.gov.tw//Food/InfoHealthFoodDetail.aspx?nodeID=162\\&id=281
衛部健食規字第000052號,衛署健食規字,諾寶紅麴膠囊,2014/12/28,諾貝兒寶貝股份有限公司,核可,Monacolin K,"調節血脂, 紅麴（規格標準）-調節血脂",本產品可能有助於降低血中總膽固醇；其功效由學理得知，非由實驗確認。,"1. 患有嚴重疾病、感染症、肝病或經外科手術等情況者，請勿食用。  
2\\. 是否適用於膽固醇之控制，應先徵詢醫師。  
3\\. 本品與降血脂藥(statin及fibrate類藥物)、葡萄柚合併使用，恐會造成肝、腎損傷、橫紋肌溶解症。  
4\\. 懷孕及授乳期間請勿食用。","1. 請徵詢醫師、藥師或營養師有關食用本品之意見；均衡的飲食及適當的運動為身體健康之基礎。  
2\\. 本產品非藥品，供保健用，罹病者仍需就醫。  
3\\. 請依建議攝取量食用，勿過量。  
4\\. 本產品含有牛奶及其製品，不適合其過敏體質者食用。",https://consumer.fda.gov.tw//Food/InfoHealthFoodDetail.aspx?nodeID=162\\&id=286
衛部健食規字第000053號,衛署健食規字,你滋美得 健康精粹魚油膠囊,2015/3/27,景華生技股份有限公司,核可,"純度(EPA+DHA)  
二十碳五烯酸 (EPA)  
二十二碳六烯酸 (DHA)","調節血脂, 魚油（規格標準）-調節血脂",本產品可能有助於降低血中三酸甘油酯；其功效乃由學理得知，非由實驗確認。,正在服用抗凝血劑者，例如：阿斯匹靈…等凝血功能不全者及嬰幼兒、孕婦或糖尿病患者，食用前請先徵詢醫師意見,"1.請徵詢醫師、藥師或營養師有關食用本品之意見；均衡的飲食及適當的運動為身體健康之基礎。  
2.本產品非藥品，供保健用，罹病者仍需就醫。  
3.請依建議攝取量食用，勿過量。  
4.開封後請關緊瓶蓋，置於陰涼處保存，避免兒童自行取用。",https://consumer.fda.gov.tw//Food/InfoHealthFoodDetail.aspx?nodeID=162\\&id=291
衛部健食規字第000054號,衛署健食規字,悠萃美佳魚油軟膠囊,2015/4/19,中南生物科技股份有限公司,核可,"EPA 含量：147-210 毫克/粒  
DHA 含量：105-140 毫克/粒  
魚油純度(EPA+DHA)：36\\~50%","調節血脂, 魚油（規格標準）-調節血脂",本產品可能有助於降低血中三酸甘油酯；其功效乃由學理得知，非由實驗確認。,正在服用抗凝血劑者，例如:阿斯匹靈…等凝血功能不全者及嬰幼兒、孕婦或糖尿病患者，食用前請先徵詢醫師意見。,"1. 請徵詢醫師、藥師或營養師有關食用本品之意見；均衡的飲食及適當  
的運動為身體健康之基礎。  
2\\. 本產品非藥品，供保健用，罹病者仍需就醫。  
3\\. 請依建議攝取量食用，勿過量。",https://consumer.fda.gov.tw//Food/InfoHealthFoodDetail.aspx?nodeID=162\\&id=295
衛部健食規字第000055號,衛署健食規字,如順健康魚油膠囊,2015/4/29,普新生技股份有限公司,核可,"EPA含量：105-150毫克/顆  
DHA含量：75-100毫克/顆  
魚油純度(EPA+DHA)：36\\~50%","調節血脂, 魚油（規格標準）-調節血脂",本產品可能有助於降低血中三酸甘油酯；其功效乃由學理得知，非由實驗確認。,正在服用抗凝血劑者，例如:阿斯匹靈…等凝血功能不全者及嬰幼兒、孕婦或糖尿病患者，食用前請先徵詢醫師意見。,"1.請徵詢醫師、藥師或營養師有關食用本品之意見；均衡的飲食及適當的運動為身體健康之基礎。  
2.本產品非藥品，供保健用，罹病者仍需就醫。  
3.請依建議攝取量食用，勿過量。",https://consumer.fda.gov.tw//Food/InfoHealthFoodDetail.aspx?nodeID=162\\&id=299
衛部健食規字第000057號,衛署健食規字,紅麴優清膠囊,2015/7/1,順天本草股份有限公司,核可,HMG-COA還原酵素抑制劑Monacolin K,"調節血脂, 紅麴（規格標準）-調節血脂",本產品可能有助於降低血中總膽固醇；其功效由學理得知，非由實驗確認。,"1.患有嚴重疾病、感染症、肝病或經外科手術等情況者，請勿食用。  
2.是否適用於膽固醇之控制，應先徵詢醫師。  
3.懷孕及授乳期間請勿食用。  
4.本品與降血脂藥(statin及fibrate類藥物)、葡萄柚合併使用，恐會造成肝、腎損傷、橫紋肌溶解症。","1.請徵詢醫師、藥師或營養師有關食用本品之意見；均衡的飲食及適當的運動為身體健康之基礎。  
2.本產品非藥品，供保健用，罹病者仍需就醫。  
3.請依建議攝取量食用，勿過量。",https://consumer.fda.gov.tw//Food/InfoHealthFoodDetail.aspx?nodeID=162\\&id=304
衛部健食規字第000058號,衛署健食規字,高優質Plus魚油軟膠囊,2015/12/12,杏輝藥品工業股份有限公司,核可,"EPA 含量：18%\\~26% (182.88\\~264.16 mg/Capsule)  
DHA 含量：12%\\~18% (121.92\\~182.88 mg/Capsule)  
魚油純度(EPA+DHA)：30\\~44% (304.80\\~447.04 mg/Capsule)","調節血脂, 魚油（規格標準）-調節血脂",本產品可能有助於降低血中三酸甘油酯；其功效乃由學理得知，非由實驗確認。,"正在服用抗凝血劑者，例如：阿斯匹靈…等凝血功能不全者及嬰幼  
兒、孕婦或糖尿病患者，食用前請先徴詢醫師意見。","1.食用前應徴詢醫師、藥師或營養師有關食用本品之意見；均衡的飲食及  
適當的運動為身體健康之基礎。  
2.本產品非藥品，供保健用，罹病者仍需就醫。  
3.請依建議攝取量食用，勿過量。",https://consumer.fda.gov.tw//Food/InfoHealthFoodDetail.aspx?nodeID=162\\&id=323
衛部健食規字第000059號,衛署健食規字,安益身清紅麴膠囊,2015/11/30,漢生堂生物科技有限公司,核可,HMG-CoA還原酵素抑制劑Monacolin K,"調節血脂, 紅麴（規格標準）-調節血脂",本產品可能有助於降低血中總膽固醇；其功效由學理得知，非由實驗確認。,"1.患有嚴重疾病、感染症、肝病或經外科手術等情況者，請勿食用。  
2.是否適用於膽固醇之控制，應先徵詢醫師。  
3.懷孕及授乳期間請勿食用。  
4.本品與降血脂藥（statin 及fibrate 類藥物）、葡萄柚合併使用，  
恐會造成肝、腎損傷、橫紋肌溶解症。","1.請徵詢醫師、藥師或營養師有關食用本品之意見；均衡的飲食及適當的運動為身體健康之基礎。  
 2.本產品非藥品，供保健用，罹病者仍需就醫。  
 3.請依建議攝取量食用，勿過量。",https://consumer.fda.gov.tw//Food/InfoHealthFoodDetail.aspx?nodeID=162\\&id=317
衛部健食規字第000060號,衛署健食規字,天明康健紅麴膠囊,2016/2/26,天明製藥股份有限公司農科分公司,核可,Monacolin K (HMG-CoA還原酵素抑制劑)6\\~8毫克/粒,"調節血脂, 紅麴（規格標準）-調節血脂",本產品可能有助於降低血中總膽固醇；其功效由學理得知，非由實驗確認。,"1.患有嚴重疾病、感染症、肝病或經外科手術等情況者，請勿食用。  
2.是否適用於膽固醇之控制，應先徵詢醫師。  
3.懷孕及授乳期間請勿食用。  
4.本品與降血脂藥（statin及fibrate類藥物）、葡萄柚合併使用，恐會造成肝、腎捐傷、橫紋肌溶解症。","1.請徵詢醫師、藥師或營養師有關食用本品之意見；均衡的飲食及適當的運動為身體健康之基礎。  
2.本產品非藥品，供保健用，罹病者仍需就醫。  
3.請依建議攝取量食用，勿過量。",https://consumer.fda.gov.tw//Food/InfoHealthFoodDetail.aspx?nodeID=162\\&id=327
衛部健食規字第000064號,衛署健食規字,天明活力順魚油膠囊,2016/8/2,天明製藥股份有限公司,核可,"EPA含量： 182\\~273 毫克   
DHA含量： 123\\~185毫克   
魚油純度(EPA+DHA)：30\\~46%","調節血脂, 魚油（規格標準）-調節血脂",本產品可能有助於降低血中三酸甘油酯；其功效乃由學理得知，非由實驗確認。,正在服用抗凝血劑者，例如：阿斯匹靈…等凝血功能不全者及嬰幼兒、孕婦或糖尿病患者，食用前請先徴詢醫師意見。,"(1)食用前應徵詢醫師、藥師或營養師有關食用本品之意見；均衡的飲食及適當的運動為身體健康之基礎。  
(2)本產品非藥品，供保健用，罹病者仍需就醫。  
(3)請依建議攝取量食用，勿過量。",https://consumer.fda.gov.tw//Food/InfoHealthFoodDetail.aspx?nodeID=162\\&id=339
衛部健食規字第000065號,衛署健食規字,樂活魚油軟膠囊,2018/1/10,臺鹽實業股份有限公司,核可,魚油純度 (EPA+DHA),"調節血脂, 魚油（規格標準）-調節血脂",本產品可能有助於降低血中三酸甘油酯；其功效乃由學理得知，非由實驗確認。,正在服用抗凝血劑者，例如：阿斯匹靈…等凝血功能不全者及嬰幼兒、孕婦或糖尿病患者，食用前請先徴詢醫師意見。,"1.食用前應徴詢醫師、藥師或營養師有關食用本品之意見；均衡的飲食及適當的運動為身體健康之基礎。  
2.本產品非藥品，供保健用，罹病者仍需就醫。  
3.請依建議攝取量食用，勿過量。",https://consumer.fda.gov.tw//Food/InfoHealthFoodDetail.aspx?nodeID=162\\&id=379
衛部健食規字第000066號,衛署健食規字,伊美維達健康紅麴膠囊,2018/10/10,茂超醫材生技有限公司,核可,HMG-COA COA還原酵素抑制劑 Monacolin K,"調節血脂, 紅麴（規格標準）-調節血脂",本產品可能有助於降低血中總膽固醇；其功效由學理得知，非由實驗確認。,"1. 患有嚴重疾病、感染症、肝病或經外科手術等情況者，請勿食用。  
2\\. 是否適用於膽固醇之控制，應先徵詢醫師。  
3\\. 懷孕及授乳期間請勿食用。  
4\\. 本品與降血脂藥(statin 及fibrate 類藥物)、葡萄柚合併使用，恐會造成肝、腎損傷、橫紋肌溶解症。","1. 請徵詢醫師、藥師或營養師有關食用本品之意見；均衡的飲食及適當的運動為身體健康之基礎。  
2\\. 本產品非藥品，供保健用，罹病者仍需就醫。  
3\\. 請依建議攝取量食用，勿過量。",https://consumer.fda.gov.tw//Food/InfoHealthFoodDetail.aspx?nodeID=162\\&id=421
衛部健食規字第000067號,衛署健食規字,優旨樂紅麴膠囊,2018/11/27,德康生物科技股份有限公司,核可,HMG-CoA還原酵素抑制劑(Monacolin K),"調節血脂功能, 紅麴（規格標準）-調節血脂功能",本產品可能有助於降低血中總膽固醇；其功效由學理得知，非由實驗確認,"1. 患有嚴重疾病、感染症、肝病或經外科手術等情況者，請勿食用。  
2\\. 是否適用於膽固醇之控制，應先徵詢醫師。  
3\\. 懷孕及授乳期間請勿食用。  
4\\. 本品與降血脂藥(statin及fibrate類藥物)、葡萄柚合併使用，恐會造成肝、腎損傷、橫紋肌溶解症。","1.請徵詢醫師、藥師或營養師有關食用本品之意見；均衡的飲食及適當的運動為身體健康之基礎。  
2.本產品非藥品，供保健用，罹病者仍需就醫。  
3.請依建議攝取量食用，勿過量。",https://consumer.fda.gov.tw//Food/InfoHealthFoodDetail.aspx?nodeID=162\\&id=426
衛部健食規字第000068號,衛署健食規字,BHK’s深海魚油軟膠囊,2019/8/19,帝力股份有限公司,核可,"每份(2粒)含  
EPA 307.2\\~460.8 mg  
DHA 217.6\\~320 mg  
魚油純度(EPA+DHA) 33\\~49%","調節血脂, 魚油（規格標準）-調節血脂",本產品可能有助於降低血中三酸甘油酯；其功效乃由學理得知，非由實驗確認。,"1.正在服用抗凝血劑者，例如:阿斯匹靈…等凝血功能不全者及嬰幼兒、孕婦或糖尿病患者，食用前請先徵詢醫師意見。  
2.本產品含有魚類製品，不適合對其過敏體質者食用。","1.請徵詢醫師、藥師或營養師有關食用本品之意見；均衡的飲食及適當的運動為身體健康之基礎。  
2.本產品非藥品，供保健用，罹病者仍需就醫。  
3.請依建議攝取量食用，勿過量。",https://consumer.fda.gov.tw//Food/InfoHealthFoodDetail.aspx?nodeID=162\\&id=1447
衛部健食規字第000069號,衛署健食規字,北条博士-通醇精純魚油軟膠囊,2019/8/27,馬太生物科技有限公司,核可,"每份2顆含  
EPA 307.2\\~460.8 mg  
DHA 217.6\\~320 mg  
魚油純度(EPA+DHA) 33\\~49%","調節血脂, 魚油（規格標準）-調節血脂",本產品可能有助於降低血中三酸甘油酯；其功效乃由學理得知，非由實驗確認。,"1.正在服用抗凝血劑者，例如:阿斯匹靈…等凝血功能不全者及嬰幼兒、孕婦或糖尿病患者，食用前請先徵詢醫師意見。  
2.本品含有魚油，不適合對其過敏體質者食用。","1.請徵詢醫師、藥師或營養師有關食用本品之意見；均衡的飲食及適當的運動為身體健康之基礎。  
2.本產品非藥品，供保健用，罹病者仍需就醫。  
3.請依建議攝取量食用，勿過量。",https://consumer.fda.gov.tw//Food/InfoHealthFoodDetail.aspx?nodeID=162\\&id=1448
衛部健食規字第000071號,衛署健食規字,創普997淨魚油軟膠囊,2020/3/20,創普生技股份有限公司,核可,"EPA:630-930mg  
DHA:480-690mg  
魚油純度(EPA+DHA):40-50%","調節血脂, 魚油（規格標準）-調節血脂",本產品可能有助於降低血中三酸甘油酯；其功效乃由學理得知，非由實驗確認。,正在服用抗凝血劑者，例如：阿斯匹靈…等凝血功能不全者及嬰幼兒、孕婦或糖尿病患者，食用前請先徵詢醫師意見。,"1.請徵詢醫師、藥師或營養師有關食用本品之意見；均衡的飲食及適當的運動為身體健康之基礎。  
2.本產品非藥品，供保健用，罹病者仍需就醫。  
3.請依建議攝取量食用，勿過量。",https://consumer.fda.gov.tw//Food/InfoHealthFoodDetail.aspx?nodeID=162\\&id=1461
衛部健食規字第000072號,衛署健食規字,大醫生技紅麴膠囊,2020/4/9,大醫生技有限公司,核可,"每顆(595毫克)含HMG-CoA還原酵素抑制劑  
Monacolin K 9.2\\~13.8毫克","調節血脂, 紅麴（規格標準）-調節血脂",本產品可能有助於降低血中總膽固醇；其功效由學理得知，非由實驗確認。,"1. 患有嚴重疾病、感染症、肝病或經外科手術等情況者，請勿食用。  
2\\. 是否適用於膽固醇之控制，應先徵詢醫師。  
3\\. 懷孕及授乳期間請勿食用。  
4\\. 本品與降血脂藥(statin及fibrate類藥物)、葡萄柚合併使用，恐會造成肝、腎損傷、橫紋肌溶解症。","1. 請徵詢醫師、藥師或營養師有關食用本品之意見；均衡的飲食及適當的運動為身體健康之基礎。  
2\\. 本產品非藥品，供保健用，罹病者仍需就醫。  
3\\. 請依建議攝取量食用，勿過量。  
4\\. 本產品請避免孩童自行取用",https://consumer.fda.gov.tw//Food/InfoHealthFoodDetail.aspx?nodeID=162\\&id=1462
衛部健食規字第000073號,衛署健食規字,益健紅麴膠囊,2020/7/29,益力康生物科技有限公司,核可,"每份(3顆)含HMG-CoA還原酵素抑制劑  
Monacolin K 4.71\\~7.05 毫克","調節血脂, 紅麴（規格標準）-調節血脂",本產品可能有助於降低血中總膽固醇；其功效由學理得知，非由實驗確認。,"1.患有嚴重疾病、感染症、肝病或是經外科手術等情況者，請勿食用。  
2.是否適用於膽固醇之控制，應先徵詢醫師。  
3.懷孕及授乳期間請勿食用。  
4.本品與降血脂藥 (statin及fibrate類藥物)、葡萄柚合併使用，恐會造成肝、腎損傷、橫紋肌溶解症。","1.請徵詢醫師、藥師或營養師有關食用本品之意見；均衡飲食及適當的運動為身體健康之基礎。  
2.本產品非藥品，供保健用，罹病者仍需就醫。  
3.請依建議攝取量食用，勿過量。",https://consumer.fda.gov.tw//Food/InfoHealthFoodDetail.aspx?nodeID=162\\&id=1478
衛部健食規字第000074號,衛署健食規字,優旨樂®深海魚油軟膠囊,2021/8/17,德康生物科技股份有限公司,核可,"每份2顆含  
EPA 307.2\\~460.8 mg  
DHA 217.6\\~320 mg  
魚油純度(EPA+DHA) 33\\~49%","調節血脂功能, 魚油（規格標準）-調節血脂功能",本產品可能有助於降低血中三酸甘油酯；其功效乃由學理得知，非由實驗確認。,"1. 本品含有魚油，不適合對其過敏體質者食用。  
2\\. 正在服用抗凝血劑者，例如:阿斯匹靈…等凝血功能不全者及嬰幼兒、孕婦或糖尿病患者，食用前請先徵詢醫師意見。","1. 請徵詢醫師、藥師或營養師有關食用本品之意見；均衡的飲食及適當的運動為身體健康之基礎。  
2\\. 本產品非藥品，供保健用，罹病者仍需就醫。  
3\\. 請依建議攝取量食用，勿過量。",https://consumer.fda.gov.tw/Food/InfoHealthFoodDetail.aspx?nodeID=162\\&id=1500
衛部健食規字第000075號,衛署健食規字,常春樂活御紅麴膠囊,2021/6/7,台視文化事業股份有限公司,核可,每份(1粒)含HMG-CoA還原酵素抑制劑Monacolin K含量為4.8\\~7.2毫克,"調節血脂功能, 紅麴（規格標準）-調節血脂功能",本產品可能有助於降低血中總膽固醇；其功效由學理得知，非由實驗確認。,"1. 患有嚴重疾病、感染症、肝病或經外科手術等情況者，請勿食用。  
2\\. 是否適用於膽固醇之控制，應先徵詢醫師。  
3\\. 懷孕及授乳期間請勿食用。  
4\\. 本品與降血脂藥(statin及fibrate類藥物)、葡萄柚合併使用，恐會造成肝、腎損傷、橫紋肌溶解症。","1. 請徵詢醫師、藥師或營養師有關食用本品之意見；均衡的飲食及適當的運動為身體健康之基礎。  
2\\. 本產品非藥品，供保健用，罹病者仍需就醫。  
3\\. 請依建議攝取量食用，勿過量。",https://consumer.fda.gov.tw//Food/InfoHealthFoodDetail.aspx?nodeID=162\\&id=1495
衛部健食規字第000076號,衛署健食規字,紅麴膠囊,2021/7/23,三多士股份有限公司,核可,每粒膠囊:Monacolin K(HMG-CoA 還原酵素抑制劑) 6±1.2毫克,"調節血脂功能, 紅麴（規格標準）-調節血脂功能",本產品可能有助於降低血中總膽固醇；其功效由學理得知，非由實驗確認。,"1.懷孕及授乳期間、患有嚴重疾病、感染症、肝病或經外科手術等情況者，請勿食用。  
2.是否適用於膽固醇之控制，應先徵詢醫師。  
3.本品與降血脂藥(statin及fibrate類藥物)、葡萄柚合併使用，恐會造成肝、腎損傷、橫紋肌溶解症。","1.請徵詢醫師、藥師或營養師有關食用本品之意見；均衡的飲食及適當的運動為身體健康之基礎。   
2.本產品非藥品，供保健用，罹病者仍需就醫。  
3.請依建議攝取量食用，勿過量。  
4.內附乾燥劑，請勿食用，勿讓孩童自行取用。",https://consumer.fda.gov.tw/Food/InfoHealthFoodDetail.aspx?nodeID=162\\&id=1498
衛部健食規字第000077號,衛署健食規字,常景紅麴膠囊,2021/10/22,常富養生科技有限公司,核可,每粒（0.595克）含HMG-CoA還原酵素抑制劑Monacolin K 2.50～3.75毫克,"調節血脂功能, 紅麴（規格標準）-調節血脂功能",本產品可能有助於降低血中總膽固醇；其功效由學理得知，非由實驗確認。,"1. 患有嚴重疾病、感染症、肝病或經外科手術等情況者，請勿食用。  
2\\. 是否適用於膽固醇之控制，應先徵詢醫師。  
3\\. 懷孕及授乳期間請勿食用。  
4\\. 本品與降血脂藥（statin及fibrate類藥物）、葡萄柚合併使用，恐會造成肝、腎損傷、橫紋肌溶解症。","1. 請徵詢醫師、藥師或營養師有關食用本品之意見；均衡的飲食及適當的運動為身體健康之基礎。  
2\\. 本產品非藥品，供保健用，罹病者仍需就醫。  
3\\. 請依建議攝取量食用，勿過量。",https://consumer.fda.gov.tw//Food/InfoHealthFoodDetail.aspx?nodeID=162\\&id=1501
衛部健食規字第000078號,衛署健食規字,2812機能魚油軟膠囊,2023/7/3,東翔生技股份有限公司,核可,"每份6顆含  
EPA 667.7\\~1001.5 mg  
DHA 367.2\\~500.8 mg  
魚油純度(EPA+DHA) 31\\~45%","調節血脂, 魚油（規格標準）-調節血脂",本產品可能有助於降低血中三酸甘油酯；其功效乃由學理得知，非由實驗確認。,嬰幼兒、孕婦、糖尿病患者或正在服用抗凝血劑之凝血功能不全者，食用前請先徵詢醫師意見。,"1.請徵詢醫師、藥師或營養師有關食用本品之意見；均衡的飲食及適當的運動為身體健康之基礎。  
2.本產品非藥品，供保健用，罹病者仍需就醫。  
3.請依建議攝取量食用，勿過量。  
4.本產品含有魚類及其製品，不適合對其過敏體質者食用。",http://consumer.fda.gov.tw//Food/InfoHealthFoodDetail.aspx?nodeID=162\\&id=1539
衛部健食規字第000079號,衛署健食規字,金紅麴 植物膠囊,2023/8/22,兆億憓生物科技有限公司,核可,HMG-CoA還原酵素抑制劑Monacolin K,"調節血脂, 紅麴（規格標準）-調節血脂",本產品可能有助於降低血中總膽固醇；其功效由學理得知，非由實驗確認。,"1.患有嚴重疾病、感染症、肝病或經外科手術等情況者，請勿食用。  
2.是否適用於膽固醇之控制，應先徵詢醫師。  
3.懷孕及授乳期間請勿食用。  
4.本品與降血脂藥(statin及fibrate類藥物)、葡萄柚合併使用，恐會造成肝、腎損傷、橫紋肌溶解症。","1.請徵詢醫師、藥師或營養師有關食用本品之意見；均衡的飲食及適當的運動為身體健康之基礎。  
2.本產品非藥品，供保健用，罹病者仍需就醫。  
3.請依建議攝取量食用，勿過量。",http://consumer.fda.gov.tw//Food/InfoHealthFoodDetail.aspx?nodeID=162\\&id=1542
衛部健食規字第000080號,衛署健食規字,菁萃純淨DHA魚油軟膠囊,2023/8/10,宏曄生物科技有限公司,核可,"每份6 顆含  
EPA 288\\~432 mg  
DHA 918\\~1368 mg  
魚油純度(EPA+DHA) 33.5\\~50.0%","調節血脂, 魚油（規格標準）-調節血脂",本產品可能有助於降低血中三酸甘油酯；其功效乃由學理得知，非由實驗確認。,"1.嬰幼兒、孕婦、糖尿病患者或正在服用抗凝血劑之凝血功能不全者，食用前請先徵詢醫師意見。  
2.本產品含有魚類製品，不適合對其過敏體質者食用。","1.請徵詢醫師、藥師或營養師有關食用本品之意見；均衡的飲食及適當的運動為身體健康之基礎。  
2.本產品非藥品，供保健用，罹病者仍需就醫。  
3.請依建議攝取量食用，勿過量。",http://consumer.fda.gov.tw//Food/InfoHealthFoodDetail.aspx?nodeID=162\\&id=1541
衛部健食規字第000081號,衛署健食規字,大醫生技DHA+EPA TG型魚油膠囊,2023/11/13,大醫生技股份有限公司,核可,"EPA 307.2\\~460.8 mg  
DHA 716.8\\~1075.2 mg  
魚油純度（EPA+DHA） 32.0\\~48.0%","調節血脂, 魚油（規格標準）-調節血脂",本產品可能有助於降低血中三酸甘油酯；其功效乃由學理得知，非由實驗確認。,嬰幼兒、孕婦、糖尿病患者或正在服用抗凝血劑之凝血功能不全者，食用前請先徵詢醫師意見。,"1.本產品非藥品，供保健用，罹病者仍需就醫。  
2.請依建議攝取量食用，勿過量。  
3.本產品含有魚類及其製品，不適合對其過敏體質者食用。",http://consumer.fda.gov.tw//Food/InfoHealthFoodDetail.aspx?nodeID=162\\&id=1544
衛部健食規字第000082號,衛署健食規字,淨醇紅麴膠囊,2024/4/10,宏曄生物科技有限公司,核可,每份含Monacolin K 9.92\\~14.88 mg/g,"調節血脂, 紅麴（規格標準）-調節血脂",本產品可能有助於降低血中總膽固醇；其功效由學理得知，非由實驗確認。,"1.患有嚴重疾病、感染症、肝病或經外科手術等情況者，請勿食用。  
2.是否適用於膽固醇之控制，應先徵詢醫師。  
3.懷孕及授乳期間請勿食用。  
4.本品與降血脂藥（statin及fibrate類藥物）、葡萄柚合併使用，恐會造成肝、腎損傷、橫紋肌溶解症。","1.請徵詢醫師、藥師或營養師有關食用本品之意見；均衡的飲食及適當的運動為身體健康之基礎。  
2.本產品非藥品，供保健用，罹病者仍需就醫。  
3.請依建議攝取量食用，勿過量。",http://consumer.fda.gov.tw/Food/InfoHealthFoodDetail.aspx?nodeID=162\\&id=1549
衛部健食規字第000083號,衛署健食規字,健字紅麴膠囊,2024/5/8,騰勢股份有限公司,核可,每份1顆含HMG-COA還原酵素抑制劑Monacolin K 9.51\\~14.26 毫克,"調節血脂, 紅麴（規格標準）-調節血脂",本產品可能有助於降低血中總膽固醇；其功效由學理得知，非由實驗確認。,"1.患有嚴重疾病、感染症、肝病或經外科手術等情況者，請勿食用。  
2.是否適用於膽固醇之控制，應先徵詢醫師。  
3.懷孕及授乳期間請勿食用。  
4.本品與降血脂藥（statin及fibrate類藥物）、葡萄柚合併使用，恐會造成肝、腎損傷、橫紋肌溶解症。","1.請徵詢醫師、藥師或營養師有關食用本品之意見；均衡的飲食及適當的運動為身體健康之基礎。  
2.本產品非藥品，供保健用，罹病者仍需就醫。  
3.請依建議攝取量食用，勿過量。",http://consumer.fda.gov.tw/Food/InfoHealthFoodDetail.aspx?nodeID=162\\&id=1553
衛部健食規字第000084號,衛署健食規字,保通紅麴膠囊,2024/11/27,優生生物科技股份有限公司,核可,"每粒(0.595克)膠囊含HMG-CoA還原酵素抑制劑  
Monacolin K 2.65\\~3.93毫克","調節血脂, 紅麴（規格標準）-調節血脂",本產品可能有助於降低血中總膽固醇；其功效由學理得知，非由實驗確認。,"1.患有嚴重疾病、感染症、肝病或經外科手術等情況者，請勿食用。  
2.是否適用於膽固醇之控制，應先徵詢醫師。  
3.懷孕及授乳期間請勿食用。  
4.本品與降血脂藥（statin及fibrate類藥物）、葡萄柚合併使用，恐會造成肝、腎損傷、橫紋肌溶解症。","1. 請徵詢醫師、藥師或營養師有關食用本品之意見。  
2\\. 本產品非藥品，供保健用，罹病者仍需就醫。  
3\\. 請依建議攝取量食用，勿過量。",http://consumer.fda.gov.tw/Food/InfoHealthFoodDetail.aspx?nodeID=162\\&id=1562
衛部健食規字第000086號,衛署健食規字,速清紅麴膠囊,2025/4/18,上浤醫藥生技股份有限公司,核可,HMG-CoA還原酵素抑制劑(Monacolin K) 20-30毫克/公克,"調節血脂, 紅麴（規格標準）-調節血脂",本產品可能有助於降低血中總膽固醇；其功效由學理得知，非由實驗確認。,"1. 患有嚴重疾病、感染症、肝病或經外科手術等情況者，請勿食用。  
2\\. 是否適用於膽固醇之控制，應先徵詢醫師。  
3\\. 懷孕及授乳期間請勿食用。  
4\\. 本品與降血脂藥（statin 及fibrate 類藥物）、葡萄柚合併使用，恐會造成肝、腎損傷、橫紋肌溶解症。","1. 請徵詢醫師、藥師或營養師有關食用本品之意見；均衡的飲食及適當的運動為身體健康之基礎。  
2\\. 本產品非藥品，供保健用，罹病者仍需就醫。  
3\\. 請依建議攝取量食用，勿過量。",http://consumer.fda.gov.tw/Food/InfoHealthFoodDetail.aspx?nodeID=162\\&id=156
衛部健食規字第000087號,衛署健食規字,速霸清紅麴膠囊,2025/9/4,上浤醫藥生技股份有限公司,核可,Monacolin K：20 \\~ 30 mg/g,"調節血脂, 紅麴（規格標準）-調節血脂",本產品可能有助於降低血中總膽固醇；其功效由學理得知，非由實驗確認。,"1.患有嚴重疾病、感染症、肝病或經外科手術等情況者，請勿食用。  
2.是否適用於膽固醇之控制，應先徵詢醫師。  
3.懷孕及授乳期間請勿食用。  
4.本品與降血脂藥（statin及fibrate類藥物）、葡萄柚合併使用，恐會造成肝、腎損傷、橫紋肌溶解症。","1.請徵詢醫師、藥師或營養師有關食用本品之意見；均衡的飲食及適當的運動為身體健康之基礎。  
2.本產品非藥品，供保健用，罹病者仍需就醫。  
3.請依建議攝取量食用，勿過量。",http://consumer.fda.gov.tw/Food/InfoHealthFoodDetail.aspx?nodeID=162\\&id=1574
衛部健食規字第000088號,衛署健食規字,活力清魚油軟膠囊,2025/9/15,愷達生醫有限公司,核可,"EPA 23.0\\~30.0 g/100 g  
DHA 15.0\\~20.0 g/100 g  
純度(EPA+DHA) 38\\~50%","調節血脂, 魚油（規格標準）-調節血脂",本產品可能有助於降低血中三酸甘油酯；其功效乃由學理得知，非由實驗確認。,嬰幼兒、孕婦、糖尿病患者或正在服用抗凝血劑之凝血功能不全者，食用前請先徵詢醫師意見。,"1.本產品非藥品，供保健用，罹病者仍需就醫。  
2.請依建議攝取量食用，勿過量。  
3.本產品含有魚類及其製品，不適合對其過敏體質者食用。",http://consumer.fda.gov.tw/Food/InfoHealthFoodDetail.aspx?nodeID=162\\&id=1576
衛部健食規字第000089號,衛署健食規字,艾通魚油軟膠囊,2025/9/15,綠光生醫有限公司,核可,"EPA 23.0\\~30.0 g/100 g  
DHA 15.0\\~20.0 g/100 g  
純度(EPA+DHA) 38\\~50%","調節血脂, 魚油（規格標準）-調節血脂",本產品可能有助於降低血中三酸甘油酯；其功效乃由學理得知，非由實驗確認。,嬰幼兒、孕婦、糖尿病患者或正在服用抗凝血劑之凝血功能不全者，食用前請先徵詢醫師意見。,"1.本產品非藥品，供保健用，罹病者仍需就醫。  
2.請依建議攝取量食用，勿過量。  
3.本產品含有魚類及其製品，不適合對其過敏體質者食用。",http://consumer.fda.gov.tw/Food/InfoHealthFoodDetail.aspx?nodeID=162\\&id=1581
衛部健食規字第000091號,衛署健食規字,尚介清魚油軟膠囊,2025/9/15,上浤醫藥生技股份有限公司,核可,"EPA 22.0 \\~ 30.0 g/100 g  
DHA 13.6 \\~ 20.0 g/100 g  
純度(EPA+DHA) 35.6 \\~ 50%","調節血脂, 魚油（規格標準）-調節血脂",本產品可能有助於降低血中三酸甘油酯；其功效乃由學理得知，非由實驗確認。,嬰幼兒、孕婦、糖尿病患者或正在服用抗凝血劑之凝血功能不全者，食用前請先徵詢醫師意見。,"1.本產品非藥品，供保健用，罹病者仍需就醫。  
2.請依建議攝取量食用，勿過量。  
3.本產品含有魚類及其製品，不適合對其過敏體質者食用。",http://consumer.fda.gov.tw/Food/InfoHealthFoodDetail.aspx?nodeID=162\\&id=1578
衛部健食規字第000092號,衛署健食規字,速通魚油軟膠囊,2025/9/15,上浤醫藥生技股份有限公司,核可,"EPA 22.0 \\~ 30.0 g/100 g  
DHA 13.6 \\~ 20.0 g/100 g  
純度(EPA+DHA) 35.6 \\~ 50%","調節血脂, 魚油（規格標準）-調節血脂",本產品可能有助於降低血中三酸甘油酯；其功效乃由學理得知，非由實驗確認。,嬰幼兒、孕婦、糖尿病患者或正在服用抗凝血劑之凝血功能不全者，食用前請先徵詢醫師意見。,"1.本產品非藥品，供保健用，罹病者仍需就醫。  
2.請依建議攝取量食用，勿過量。  
3.本產品含有魚類及其製品，不適合對其過敏體質者食用。",http://consumer.fda.gov.tw/Food/InfoHealthFoodDetail.aspx?nodeID=162\\&id=1580
衛部健食規字第000093號,衛署健食規字,譚博士生技頂級紅麴膠囊,2026/2/3,譚博士生技有限公司,核可,"每份(1粒)含HMG-CoA還原酵素抑制劑  
Monacolin K含量為5.8～8.7毫克","調節血脂, 紅麴（規格標準）-調節血脂",本產品可能有助於降低血中總膽固醇；其功效由學理得知，非由實驗確認。,"1.患有嚴重疾病、感染症、肝病或經外科手術等情況者，請勿食用。  
2.是否適用於膽固醇之控制，應先徵詢醫師。  
3.懷孕及授乳期間請勿食用。  
4.本品與降血脂藥(statin及fibrate類藥物)、葡萄柚合併使用，恐會造成肝、腎損傷、橫紋肌溶解症。  
5.本產品含難消化性麥芽糊精，食用後可能產生排氣與脹氣現象，若有不適者，請停止食用。","1.請徵詢醫師、藥師或營養師有關食用本品之意見；均衡的飲食及適當的運動為身體健康之基礎。  
2.本產品非藥品，供保健用，罹病者仍需就醫。  
3.請依建議攝取量食用，勿過量。",http://consumer.fda.gov.tw/Food/InfoHealthFoodDetail.aspx?nodeID=162\\&id=1590
衛署健食字第A00004號,衛署健食字,如新華茂紅麴清醇膠囊,2000/7/24,美商如新華茂股份有限公司台灣分公司,核可,HMG-CoA 還原酵素抑制劑,調節血脂,經人體食用研究結果：1.有助於降低血中總膽固醇。2.有助於降低血中低密度脂蛋白膽固醇。3.有助於減少發生心血管疾病的危險因子。,"(A)患有嚴重疾病、感染症、肝病或經外科手術等情況，請勿使用。  
(B)是否適用膽固醇之控制，應先諮詢醫師。  
(C)懷孕及授乳期間請勿食用。  
(D)本品與降血脂藥(Stain及fibrate類藥物)、葡萄柚合併使用，恐會造成肝、腎損傷、橫紋肌溶解症。","(A)請小心存放，避免兒童取用。  
(B)請徵詢醫師、藥師或營養師有關食用本品之意見；均衡的飲食及適當的運動為身體健康之基礎。  
(C)本產品非藥品，供保健用，罹病者仍需就醫。  
(D)請依建議攝取量食用，勿過量。",https://consumer.fda.gov.tw/Food/InfoHealthFoodDetail.aspx?nodeID=162\\&id=4
衛署健食字第A00018號,衛署健食字,人參精萃膠囊,2001/7/7,悅寶生物科技股份有限公司,核可,總人參配醣體 (total ginsenosides),"免疫調節, 抗疲勞","「(一) 免疫調節  
有助於增加吞噬細胞、自然殺手細胞的活性及抗體濃度。   
(二) 抗疲勞  
有助於增加紅血球攜氧量、減少肌肉中乳酸的產生。」",●若食用後發生任何異於平常或非預期之反應，應諮詢醫師。,"●對本品過敏或該配方中任一成分過敏者，請勿食用。  
●懷孕/哺乳：懷孕或哺乳期間，食用人生樂膠囊必須諮詢您的醫師。  
●請洽詢醫師或營養師食用本品之意見；均衡的飲食及適當的運動為身體健康之基礎。",https://consumer.fda.gov.tw//Food/InfoHealthFoodDetail.aspx?nodeID=162\\&id=16
衛署健食字第A00027號,衛署健食字,金車補給園乳酸活菌複方膠囊,2002/9/25,金車股份有限公司,核可,活性乳酸菌(含 L. paracasei+B. lactis+L. acidophilus)、比菲德氏菌(B. lactis),胃腸功能改善,經動物實驗結果，有助於增加腸內益生菌。,本產品含有菊苣纖維，食用後會促進腸道蠕動，並產生脹氣及排氣等現象，若有不適者請停止食用。,"1.本產品非藥品，供保健用，罹病者仍需就醫。  
2.請依建議攝取量食用，勿過量。  
3.請小心存放，避免孩童自行拿取。  
4.請洽詢醫師或營養師有關食用本品之意見；均衡飲食及適當運動為身體健康之基礎。  
5.如有品質不符之處，請記錄購買日期、店名連同產品寄至下述地址，本公司將寄送新品及郵資。",https://consumer.fda.gov.tw//Food/InfoHealthFoodDetail.aspx?nodeID=162\\&id=24
衛署健食字第A00029號,衛署健食字,金車補給園幾丁聚醣複方膠囊,2002/12/12,金車股份有限公司,核可,幾丁聚醣、類黃酮,調節血脂,"(1)有助於降低血中總膽固醇。  
(2)有助於降低血中低密度脂蛋白膽固醇。","1.建議對蝦蟹過敏者避免食用。  
2.糖尿病患者請遵循專業醫事人員建議食用。  
3.兒童、患有腸胃道疾病或腸胃道功能較差者，請勿食用。或食用前先洽詢醫師或營養師意見。  
4.請勿過量食用，以免腸胃功能受損。  
5.有服用慢性病藥物者，應諮詢醫師後，方可使用。  
6.不建議孕婦、授乳者及嬰幼兒食用。  
7.如出現消化道不適、頭痛、頭暈、口乾、噁心、出汗等不適症狀，應停止使用並就醫。  
8.本品可能增加或減少經CYP2B6代謝之藥物濃度，倘使用相關藥物者，建議諮詢醫師、藥師或營養師有關食用本品之意見。  
9.12歲以下孩童、孕婦、消化不良與重大疾病患者不宜使用。  
10.患有躁症、思覺失調症或肝移植等情況者，請勿食用。  
11.一日請勿超過 4粒，多食無益","1.本產品非藥品，供保健用，罹病者仍需就醫  
2.請依建議攝取量食用，勿過量  
3.請小心存放，避免孩童自行拿取  
4.請保有健康飲食習慣，維持適當體重  
5.請洽詢醫師或營養師有關食用本品之意見；均衡飲食及適當運動為身體健康之基礎  
6.若正值懷孕、授乳或服用藥物等期間，請先洽詢醫師意見再決定是否食用  
7.如有品質不符之處，請記錄購買日期、店名連同產品寄至公司地址，本公司將寄送新品及郵資",https://consumer.fda.gov.tw//Food/InfoHealthFoodDetail.aspx?nodeID=162\\&id=26
衛署健食字第A00034號,衛署健食字,洛神花保健膠囊,2003/3/20,愛健生命科學股份有限公司(95/8/11核准將許可證由寰生公司轉移給愛健),核可,類黃酮素、多酚酸、花青素,"調節血脂, 護肝","(一)經動物實驗結果:可降低血中三酸甘油酯。  
(二)經動物試驗結果，對四氯化碳誘發大鼠肝臟損傷可降低血清中GOT、GPT值。",,"●請洽詢醫師或營養師有關食用本品之意見。  
●均衡飲食及適當運動為身體健康之基礎。  
●食用前開封，如發現包裝破損或任何品質異常，請將整瓶產品交回公司更換新品。",https://consumer.fda.gov.tw//Food/InfoHealthFoodDetail.aspx?nodeID=162\\&id=31
衛署健食字第A00040號,衛署健食字,微庫醇紅麴膠囊,2003/11/18,生達化學製藥股份有限公司,核可,HMG-COA還原酵素抑制劑-Monacolin K,調節血脂,"經動物實驗結果：  
1.有助於降低血中總膽固醇  
2.有助於降低血中低密度脂蛋白膽固醇  
3.有助於降低血中三酸甘油酯","1.患有嚴重疾病、感染症、肝病或經外科手術等情況者，請勿食用。  
2.是否適用於膽固醇之控制，應先徵詢醫師。  
3.本品與降血脂藥(statin及fibrate類藥物)、葡萄柚合併使用，恐會造成肝、腎損傷、橫紋肌溶解症。   
4.懷孕及授乳期間請勿食用。","1.請徵詢醫師、藥師或營養師有關食用本品之意見；均衡的飲食及適當的運動為身體健康之基礎。  
2.本產品非藥品，供保健用，罹病者仍需就醫。  
3.請依建議攝取量食用，勿過量。",https://consumer.fda.gov.tw//Food/InfoHealthFoodDetail.aspx?nodeID=162\\&id=37
衛署健食字第A00070號,衛署健食字,如新華茂益生菌配方（膠囊食品）,2005/9/28,美商如新華茂股份有限公司台灣分公司,核可,每份含PCC乳酸桿菌 (Lactobacillus fermentum) 2x10^9 CFU以上,胃腸功能改善,"可通過胃酸和膽鹽之考驗。  
經人體食用研究結果：1. 有助於增加腸內益生菌。2. 有助於減少腸內有害菌(Clostridium perfringens)。3. 有助於改善腸內細菌菌相。",本產品非藥品，供保健用，罹病者仍需就醫。請依建議攝取量食用，勿過量,請避免兒童自行取用，若正值懷孕、授乳、服用藥物等相關需求者，請先洽詢醫師或營養師，食用本品之意見；均衡飲食及適當運動為身體健康之基礎。請置於陰涼乾燥處,https://consumer.fda.gov.tw//Food/InfoHealthFoodDetail.aspx?nodeID=162\\&id=65
衛署健食字第A00092號,衛署健食字,元氣豆®納豆萃取膠囊,2007/4/9,懷特生技新藥股份有限公司,核可,以HMG-COA還原酵素抑制劑-Monacolin K作為品管指標成份， 每粒軟膠囊含量大於0.15mg。,調節血脂功能,經人體食用研究結果：(1)有助於降低血中總膽固醇。(2)有助於降低血中低密度脂蛋白膽固醇。(3)有助於減少發生心血管疾病的危險因子。,"1.手術前後、糖尿病或妊娠糖尿病病人及幼童，不宜食用。  
2.使用本品如有任何不適，請立即停止食用，並洽詢醫師。  
3.患有嚴重疾病、感染症、肝病或經外科手術等情況者，請勿食用。  
4.是否適用於膽固醇之控制，應先徵詢醫師。   
5.懷孕及授乳期間請勿食用。  
6.本品與降血脂藥(statin 及 fibrate類藥物)、葡萄柚合併使用，恐會造成肝、腎損傷、橫紋肌溶解症。","1.請徵詢醫師、藥師或營養師有關食用本品之意見；均衡的 飲食及適當的運動為身體健康之基礎。  
2.為確保產品活性，不宜與果汁、醋等酸性物質一起食用。  
3\\. 本產品非藥品，供保健用，罹病者仍需就醫。  
4\\. 請依建議攝取量食用，勿過量。",https://consumer.fda.gov.tw//Food/InfoHealthFoodDetail.aspx?nodeID=162\\&id=85
衛署健食字第A00100號,衛署健食字,益力蔘膠囊,2007/7/5,信東生技股份有限公司園區分公司,核可,每顆膠囊含總人蔘配醣體 Total Ginsenosides (以Re、Rb1、Rc、Rd總和計算),抗疲勞功能,經人體食用研究結果：可加速運動後恢復期血乳酸及血氨濃度下降，有助於增進運動後疲勞的消除。,"請勿超過建議用量，如有不適產生應立即停止食用並就醫。  
病患服藥期間不建議同時食用本產品。","＊產品包裝不全請勿食用。  
＊請洽詢醫師或營養師有關食用本品的意見，注意均衡飲食及適當的運動及充分的休息是維持健康的基礎。  
＊本產品非藥品，供保健用，罹病者仍需就醫。  
＊請依建議攝取量食用，勿過量。",https://consumer.fda.gov.tw//Food/InfoHealthFoodDetail.aspx?nodeID=162\\&id=92
衛署健食字第A00102號,衛署健食字,杏輝敏益苓膠囊,2007/7/10,杏輝藥品工業股份有限公司,核可,羊毛蘭烷三萜類 Lanostanes,"輔助調整過敏體質, 免疫調節","(一)免疫調節：經動物及體外實驗結果：(1)有助於促進細胞免疫能力。(2)有助於促進強化自然殺手細胞活性。  
(二)輔助調整過敏體質：經動物實驗結果：(1)有助於減少主導第一型過敏反應IgE抗體生成。(2)有助於調節細胞激素分泌。",有過敏體質或自體免疫疾病者，請洽詢醫師意見小心使用。,"1.請置於乾燥陰涼通風處，避免陽光直射，同時置放於孩童無法拿取處。  
2.若正值懷孕、哺乳或藥物治療等情況，請先洽詢醫師或營養師意見，再決定是否食用。  
3.均衡的飲食及適當的運動為身體健康之基礎。  
4.本產品非藥品，供保健用，罹病者仍需就醫。   
5.請依建議攝取量食用，勿過量。",https://consumer.fda.gov.tw//Food/InfoHealthFoodDetail.aspx?nodeID=162\\&id=93
衛署健食字第A00110號,衛署健食字,金宏裕人蔘膠囊,2007/12/12,金宏裕生物科技有限公司,核可,"人蔘皂苷  
Ginsenosides 150毫克 / 粒 (136～165 毫克)",免疫調節,"經動物試驗結果，具有下列功效：  
1.有助於促進免疫細胞增生能力  
2.有助於促進吞噬細胞活性  
3.有助於促進自然殺手細胞活性  
4.有助於促進血清抗體生成","1.若食用後發生任何異於平常或非預期之反應，應諮詢醫師。  
2.均衡的飲食及適當之運動為身體健康之基礎。","1.正值懷孕授乳及服用藥物期間，請先洽詢醫師或營養師有關食用本品之意見。  
2.請小心存放，避免孩童自行取用。  
3.鋁箔開封後請於二個月內食用完畢。  
4.本產品非藥品，供保健用，罹病者仍需就醫。  
5.請依建議攝取量食用，勿過量。",https://consumer.fda.gov.tw//Food/InfoHealthFoodDetail.aspx?nodeID=162\\&id=99
衛署健食字第A00124號,衛署健食字,國鼎力提牛樟芝菌絲體膠囊,2008/5/30,國鼎生物科技股份有限公司,核可,安卓奎諾爾® (Antroquinonol®)為品管指標成分,護肝,根據動物試驗結果，對四氯化碳誘發大鼠肝臟的損傷，有助於降低血清中GPT (ALT)值。,"(1) AST(GOT)、ALT(GPT)值持續異常升高可能是肝臟疾病所引起，應立即就醫。  
(2) 嬰幼兒、孕婦、哺餵母乳者，如欲食用本產品，請洽詢醫師或醫療專業人員。","(1)目前接受醫師治療者，請與醫師商量後再食用。  
(2)本產品非藥品，供保健用，罹病者仍需就醫。  
(3)請依建議攝取量食用，勿過量。  
(4)避免孩童自行取用。  
(5)食用過量可能有安全疑慮。  
(6)均衡飲食及適當運動，為身體健康之基礎。",https://consumer.fda.gov.tw//Food/InfoHealthFoodDetail.aspx?nodeID=162\\&id=112
衛署健食字第A00125號,衛署健食字,康敏膠囊,2008/6/5,光晟生物科技股份有限公司,核可,每顆含：Lactobacillus salivarius PM-A0006＞5.0x108 CFU,輔助調整過敏體質,"經動物實驗結果：  
1 .有助於減少血清中特異性 IgE抗體之生成。  
2 .有助於促進脾臟細胞 IFN-γ分泌量。",使用本產品時若有發疹、嘔吐、下痢等身體不適現象，請停止食用， 並諮詢專業醫師。,"1. 食用本產品時，水溫勿超過 50℃。  
2\\. 幼兒及孕婦食用前請先諮詢專業醫師。  
3.本產品非藥品，供保健用，罹病者仍需就醫。  
4.請依建議攝取量食用，勿過量。",https://consumer.fda.gov.tw//Food/InfoHealthFoodDetail.aspx?nodeID=162\\&id=113
衛署健食字第A00126號,衛署健食字,“科達”股立補膠囊,2008/7/21,科達製藥股份有限公司,核可,Imperatorin;Osthol,骨質保健功能,經動物實驗結果：本產品可能有助於減緩骨質流失。,無,"(1)孕婦及哺乳期婦女不宜食用。  
(2)食用後如有不適，請停止食用。  
(3)接受醫師治療者，請與醫師商討後再食用。  
(4)本產品非藥品，供保健用，罹病者仍需就醫。  
(5)請依建議攝取量食用，勿過量。  
(6)本產品含有黑豆，不適合對其過敏體質者食用。",https://consumer.fda.gov.tw//Food/InfoHealthFoodDetail.aspx?nodeID=162\\&id=114
衛署健食字第A00127號,衛署健食字,甘喜康膠囊,2008/7/31,泰宗生物科技股份有限公司,核可,多醣總量 每份1.2 公克 (兩顆)含104 mg±20%,護肝,根據動物試驗結果：對四氯化碳誘發之大鼠肝臟損傷，有助於降低血清中GOT(AST)和GPT(ALT)值。,,"1.懷孕、授乳、服用藥物者，請先洽詢醫師或營養師， 食用本品之意見。  
2.請置於陰涼乾燥處，避免高溫和日照。  
3.本產品若有破損或完封不良，請勿食用。  
4.本產品非藥品，供保健用，罹病者仍需就醫。  
5.請依建議攝取量食用，勿過量。",https://consumer.fda.gov.tw//Food/InfoHealthFoodDetail.aspx?nodeID=162\\&id=115
衛署健食字第A00130號,衛署健食字,APF益生菌膠囊,2008/7/11,景岳生物科技股份有限公司,核可,Lactobacillus paracasei 33,"輔助調整過敏體質功能, 免疫調節功能","(一) 輔助調整過敏體質：  
1.經人體食用研究結果：有助於輔助調整過敏體質。  
2.經動物實驗結果：  
(1)有助於減少血清中特異性IgE抗體之生成。  
(2)有助於降低脾臟細胞IL-5分泌量。  
(二)免疫調節：  
經動物實驗結果：  
(1)有助於促進T淋巴細胞增生。  
(2)有助於調節細胞激素IL-2及IL-10分泌量。  
(3)有助於增加特異性OVA-IgG抗體之生成。",有過敏體質或自體免疫疾病者，請洽詢醫師意見小心使用。,"(1) 本產品非藥品，供保健用，罹病者仍需就醫。  
(2) 請依建議攝取量食用，勿過量。  
(3) 可直接食用或打開膠囊倒出粉末搭配飲水、牛奶、果汁、飲品食用。  
(4) 請洽詢醫師或營養師有關食用本品之意見；均衡的飲食及適當的運動為身體健康之基礎。",https://consumer.fda.gov.tw//Food/InfoHealthFoodDetail.aspx?nodeID=162\\&id=118
衛署健食字第A00134號,衛署健食字,活綠美杜莎藻膠囊,2008/10/2,光璧企業股份有限公司,核可,含Beta-胡蘿蔔素,護肝,"經動物試驗結果：  
對於四氯化碳誘導肝臟損傷，有助於降低血清中GPT（ALT）、GOT（AST）值。",無,"（1）本產品請置於陰涼、乾燥處，避免陽光直射。  
（2）每回食用完畢請將鋁箔袋夾鏈封好，以確保良好的保存條件。產品開封後請儘早食用完畢。  
（3）請洽詢醫師、藥師或營養師有關食用本品之意見；均衡的飲食及適當的運動為身體健康之基礎。  
（4）本產品非藥品，供保健用，罹病者仍需就醫。  
（5）請依建議攝取量食用，勿過量。",https://consumer.fda.gov.tw//Food/InfoHealthFoodDetail.aspx?nodeID=162\\&id=121
衛署健食字第A00141號,衛署健食字,敏自寧膠囊,2008/10/15,創益生技股份有限公司,核可,約氏乳酸菌(Lactobacillus johnsonii EM1),輔助調整過敏體質,"經動物試驗結果：   
1.有助於減少過敏反應相關細胞激素IL-5之分泌。   
2.有助於提升脾臟細胞增生能力。",有自體免疫相關疾病者，不宜使用。,"(1)避免陽光直射，宜低溫儲存。  
(2)本產品非藥品，供保健用，罹病者仍需就醫。  
(3)請依建議攝取量食用，勿過量。  
(4)本產品含有乳糖。",https://consumer.fda.gov.tw//Food/InfoHealthFoodDetail.aspx?nodeID=162\\&id=127
衛署健食字第A00156號,衛署健食字,千沛純清可得膠囊,2009/7/25,新萬仁化學製藥股份有限公司,核可,含HMG-COA還原酵素抑制劑Monacolin K,調節血脂,有助於降低血中總膽固醇。,"患有嚴重疾病、感染症、肝病或經外科手術等情況者，請勿食用。  
是否適用於膽固醇之控制，應先徵詢醫師。  
懷孕及授乳期間請勿食用。  
本品與降血脂藥(statin 及fibrate 類藥物)、葡萄柚合併使用，恐會造成肝、腎損傷、橫紋肌溶解症。","請徵詢醫師、藥師或營養師有關食用本品之意見；均衡的飲食及適當的運動為身體健康之基礎。  
本產品非藥品，供保健用，罹病者仍需就醫。  
請依建議攝取量食用，勿過量。",https://consumer.fda.gov.tw//Food/InfoHealthFoodDetail.aspx?nodeID=162\\&id=146
衛署健食字第A00158號,衛署健食字,心之友達Q10紅麴膠囊,2009/8/14,逢興生物科技股份有限公司,核可,"每份(2 粒)膠囊含 輔酵素Q10 27\\~30 毫克  
HMG-CoA 還原酵素抑制劑(Monacolin K) 10 毫克±10%",調節血脂,"經人體食用研究結果：  
1\\. 有助於降低血中總膽固醇及低密度脂蛋白膽固醇含量。  
2\\. 有助於延緩血中低密度脂蛋白之氧化，有助於減少發生心血管疾病的危險因子。","1. 一日請勿超過2 粒，多食無益。  
2\\. 本產品含輔酵素Q10，輔酵素Q10 每日最高攝食量不得超過30 毫克。  
3\\. 患有嚴重疾病、感染症、肝病或經外科手術等情況，請勿食用。  
4\\. 是否適用於膽固醇之控制，應先徵詢醫師。  
5\\. 15 歲以下小孩、懷孕或哺乳期間婦女及服用抗凝血藥品(warfarin)之病患，不宜食用。  
6\\. 本產品與降血脂藥(statin 及fibrate 類藥物)、葡萄柚合併使用，恐會造成肝、腎損傷、橫紋肌溶解症。  
7\\. 本產品含菊苣纖維,食用後可能產生排氣與脹氣現象,若有不適者,請停止食用","1. 請依建議攝取量食用，勿過量。  
2\\. 請小心存放，避免孩童取用。  
3\\. 請徵詢醫師或營養師有關食用本品之意見，均衡飲食及適當運動為身體健康之基礎。  
4\\. 本產品非藥品，供保健用，罹病者仍需就醫。",https://consumer.fda.gov.tw//Food/InfoHealthFoodDetail.aspx?nodeID=162\\&id=405
衛署健食字第A00164號,衛署健食字,衛傑膠囊,2009/9/18,葡萄王生技股份有限公司,核可,活性總乳酸菌,胃腸功能改善,經人體食用研究結果，有助於減少胃幽門螺旋桿菌之數量。,,"A) 本品含有牛奶及大豆製品。  
B) 對本品成分過敏者，不建議使用。  
C) 服用藥物期間，請在食用本產品前，先洽詢醫生、藥師、營養師。   
D) 本品原料會產生顏色口感上的差異。  
E) 本產品使用之子實體為固態培養。  
F) 本產品非藥品，供保健用，罹病者仍須就醫。  
G) 請依建議攝取量食用，勿過量。",https://consumer.fda.gov.tw//Food/InfoHealthFoodDetail.aspx?nodeID=162\\&id=152
衛署健食字第A00170號,衛署健食字,清唐速膠囊,2009/12/8,美樂佛國際行銷有限公司,核可,1. Monacolin K 2. Quercetin,調節血糖,經動物實驗結果，本產品有助於降低空腹血糖值。,"1.本產品不具第一型糖尿病患者之血糖調節作用。  
2.本品與降血脂藥（statin及fibrate類藥物）、葡萄柚合併使用，恐會造成肝、腎損傷、橫紋肌溶解症。  
3.患有嚴重疾病、感染症、肝病或經外科手術等情況者，請勿食用。  
4.是否適用於膽固醇之控制，應先徵詢醫師。  
5.懷孕及授乳期間請勿食用。","1.請放置於孩童不易取得之處。  
2.本產品非藥品，供保健用，罹病者仍需就醫。  
3.請依建議攝取量食用，勿過量。  
4.請徵詢醫師、藥師或營養師有關食用本品之意見；均衡的飲食及適當的運動為身體健康之基礎。",https://consumer.fda.gov.tw//Food/InfoHealthFoodDetail.aspx?nodeID=162\\&id=406
衛署健食字第A00173號,衛署健食字,納麴Q10膠囊,2009/11/10,永信藥品工業股份有限公司,核可,Monacolin K,調節血脂,"經人體食用研究結果:  
1\\. 有助於降低血中總膽固醇(TC)  
2\\. 有助於降低血中低密度脂蛋白膽固醇(LDL-C)  
3\\. 有助於減少發生心血管疾病的危險因子","1. 患有嚴重疾病、感染症、肝病或經外科手術等情況者，請勿食用。  
2\\. 是否適用於膽固醇之控制，應先徵詢醫師。  
3\\. 15歲以下小孩、懷孕或授乳期間及服用抗凝血藥品(warfarin)之病患，請勿食用。  
4\\. 本品與降血脂藥(statin及fibrate類藥物)、葡萄柚合併使用，恐會造成肝、腎損傷、橫紋肌溶解症。",請洽詢醫師、藥師或營養師有關食用本產品之意見；均衡的飲食及適當的運動為身體健康之基礎。本產品非藥品，供保健用，罹病者仍需就醫。請依建議攝取量食用，勿過量。,https://consumer.fda.gov.tw//Food/InfoHealthFoodDetail.aspx?nodeID=162\\&id=151
衛署健食字第A00180號,衛署健食字,e脂100膠囊,2010/3/31,彥臣生技藥品股份有限公司,核可,"1. HMG-CoA 還原酵素抑制劑-Monacolin K: Monacolin K 4.2±0.56毫克  
2\\. 總兒茶素98±9.8毫克",調節血脂,"經動物實驗結果：  
(1)有助於降低血中總膽固醇。  
(2)有助於降低血中低密度脂蛋白膽固醇。  
(3)有助於降低血中三酸甘油酯。","1.患有嚴重疾病、感染症、肝病或經外科手術等情況者，請勿食用。  
2.是否適用於膽固醇之控制，應先徵詢醫師。  
3.懷孕及授乳期間請勿食用。  
4.本品與降血脂藥(statin及fibrate類藥物)、葡萄柚合併使用，恐會造成肝、腎損傷、橫紋肌溶解症。","1.請徵詢醫師、藥師或營養師有關食用本品之意見；均衡的飲食及適當的運動為身體健康之基礎。  
2.本產品非藥品，供保健用，罹病者仍需就醫。  
3.請依建議攝取量食用，勿過量。",https://consumer.fda.gov.tw//Food/InfoHealthFoodDetail.aspx?nodeID=162\\&id=162
衛署健食字第A00182號,衛署健食字,葡萄王樟芝王菌絲體膠囊,2010/6/18,葡萄王生技股份有限公司,核可,腺苷(Adenosine); 芝麻素(Sesamin); Antrosterol; γ-胺基丁酸(GABA),"護肝, 輔助調節血壓","(一)保健功效項目「護肝」  
1\\. 根據動物試驗結果，對四氯化碳誘發之大鼠肝臟損傷，有助於降低血清中AST(GOT)和ALT(GPT)值。  
2\\. 根據動物實驗結果，攝取本產品有助於延緩硫代乙醯胺誘導之肝纖維化或降低其危險因子。  
(二)保健功效項目「輔助調節血壓」  
經人體食用研究結果，有助於調降收縮壓。","1. AST(GOT)、ALT(GPT)值持續升高可能是肝臟疾病所引起，應立即就醫。  
2\\. 嬰幼兒、孕婦、哺餵母乳者，如欲食用本產品，請洽詢醫師或醫療專業人員。","1. 本產品非藥品，供保健用，罹病者仍需就醫。  
2\\. 請依建議攝取量食用，勿過量。  
3\\. 目前接受醫師治療者，請與醫師商量後再食用。  
4\\. 避免孩童自行取用。  
5\\. 食用過量可能有安全疑慮。  
6\\. 均衡飲食及適當運動，為身體健康之基礎。  
7\\. 本產品含麩質之穀物製品。",https://consumer.fda.gov.tw//Food/InfoHealthFoodDetail.aspx?nodeID=162\\&id=166
衛署健食字第A00190號,衛署健食字,利得牛樟芝固態培養菌絲體膠囊,2010/11/19,台灣利得生物科技股份有限公司,核可,"可能總三萜(Possible Triterpenoids)：17.48\\~25.08 毫克/每份(2粒)  
腺苷(Adenosine)：0.18\\~0.26 毫克/每份(2粒)",免疫調節,"經動物實驗結果：  
1.有助於促進免疫細胞增生能力。  
2.有助於促進吞噬細胞活性。  
3.有助於促進自然殺手細胞活性。","1.有過敏體質或自體免疫疾病者，請洽詢醫師意見小心使用。  
2.嬰幼兒、孕婦、哺餵母乳者，如欲食用本產品，請洽詢醫師或醫療專業人員。","1.目前接受醫師治療者，請與醫師商量後再食用。  
2.本產品非藥品，供保健用，罹病者仍需就醫。  
3.請依建議攝取量食用，勿過量。  
4.請避免孩童自行取用。  
5.食用過量可能有安全疑慮。  
6.均衡飲食及適當運動，為身體健康之基礎。  
7.為維持產品品質，開封後請於三個月內食用完畢。",https://consumer.fda.gov.tw//Food/InfoHealthFoodDetail.aspx?nodeID=162\\&id=170
衛署健食字第A00217號,衛署健食字,樂亦暢®益生菌膠囊,2012/3/28,景岳生物科技股份有限公司,核可,1.乳酸菌(Lactobacillus sporogenes、Lactobacillus plantarum、Lactobacillus fermentum); 2.總膳食纖維; 3.菊苣纖維.,胃腸功能改善,根據動物實驗結果，本產品具有下列功效：有助於腸道運動.,本品含有菊苣纖維，食用後會促進腸道蠕動，並產生脹氣及排氣現象，若有不適者，請停止食用。,"(1) 本產品非藥品，供保健用，罹病者仍需就醫。  
(2) 請依建議攝取量食用，勿過量。  
(3) 本產品為日常保健之用，多食無益，均衡的飲食及適當的運動為身體健康之基礎。",https://consumer.fda.gov.tw//Food/InfoHealthFoodDetail.aspx?nodeID=162\\&id=408
衛署健食字第A00218號,衛署健食字,IMMUPHYLA LCW23®副乾酪乳酸桿菌膠囊,2012/7/6,生展生物科技股份有限公司,核可,Lactobacillus paracasei LCW23 含量為＞1×1010 cells/2 克,輔助調整過敏體質,"經動物實驗結果：  
1\\. 有助於減少血清中特異性IgE 抗體之生成。  
2\\. 有助於降低IL-4、IL-5 及 IL-10 之細胞激素分泌量。  
3\\. 有助於降低肺發炎細胞總數。","(1) 本產品含有大豆及乳糖。  
(2) 有乳糖不耐症者，食用前請先洽詢醫師或營養師之意見。  
(3) 有過敏體質或自體免疫疾病者，請洽詢醫師意見小心使用。",請洽詢醫生或營養師有關食用本產品之意見；均衡的飲食及適當的運動為身體健康之基礎；本產品非藥品，供保健用，罹病者仍需就醫；請依建議攝取量食用，勿過量。,https://consumer.fda.gov.tw//Food/InfoHealthFoodDetail.aspx?nodeID=162\\&id=209
衛署健食字第A00229號,衛署健食字,黃金蜆蛋白膠囊,2013/1/30,兆鴻生技股份有限公司,核可,"肝醣;精胺酸  
精胺酸成分之每份內容物含量為 42.2 mg ± 6.4 mg；肝醣成分之每份內容物含量為 75.0 mg ± 15.0 mg。",護肝,經動物實驗結果，對於四氯化碳誘發之大鼠肝臟損傷，有助於降低血清中AST(GOT)值和ALT(GPT)值。,GOP、GPT值持續異常升高可能是肝病變所引起，請立即就醫。,"1. 身體體質特殊者，請先諮詢醫師、藥師指示。  
2\\. 孕婦、授乳或服用藥物等情況，請遵循專業醫事人員建議食用。  
3\\. 本產品非藥品，供保健用，罹病者仍需就醫。  
4\\. 請依建議攝取量食用，勿過量。",https://consumer.fda.gov.tw//Food/InfoHealthFoodDetail.aspx?nodeID=162\\&id=225
衛署健食字第A00236號,衛署健食字,加氏立舒敏膠囊,2013/6/10,源穎生技股份有限公司,核可,Lactobacillus gasseri PM-A0005,輔助調整過敏體質功能,經動物實驗結果：有助於提高Th1相關的塵蟎特異抗體IgG2a的增加。,有免疫相關疾病者，請謹慎食用或洽詢醫師的意見。,"1.食用本產品時，水溫勿超過50℃  
2.本產品非藥品，供保健用，罹病者仍需就醫。  
3.請依建議攝取量食用，勿過量。",https://consumer.fda.gov.tw//Food/InfoHealthFoodDetail.aspx?nodeID=162\\&id=238
衛署健食字第A00240號,衛署健食字,丹參納麴膠囊,2013/6/21,統欣生物科技股份有限公司,核可,Monacolin K,調節血脂,"經人體食用研究結果：  
(1)有助於降低血中總膽固醇。  
(2)有助於降低血中低密度脂蛋白膽固醇。",1.患有嚴重疾病、感染症、肝病或經外科手術等情況，請勿食用。2.是否適用於膽固醇之控制，應先諮詢醫師。3.15歲以下小孩、懷孕或哺乳期間婦女及服用抗凝血藥品（warfarin）之病患，請勿食用。4.本品與降血脂藥(stain及fibrate類藥物)、葡萄柚合併使用，恐會造成肝、腎損傷、橫紋肌溶解症。,1.請諮詢醫師、藥師或營養師有關食用本品之意見；均衡的飲食及適當的運動為身體健康之基礎。2.本產品非藥品，供保健用，罹病者仍需就醫。3.請依建議攝取量食用，勿過量。4.本產品含乳糖。,https://consumer.fda.gov.tw//Food/InfoHealthFoodDetail.aspx?nodeID=162\\&id=239
衛署健食規字第000001號,衛署健食規字,濟生活力深海魚油膠囊,2009/2/20,濟生醫藥生技股份有限公司,核可,"每份  
(3粒 )含  
EPA 270 \\~ 450 毫克  
DHA 180 \\~ 300 毫克  
魚油純度(EPA+DHA) 30\\~50 %","調節血脂, 魚油（規格標準）-調節血脂",本產品可能有助於降低血中三酸甘油酯；其功效乃由學理得知，非由實驗確認。,"正在服用抗凝血劑者，例如：阿斯匹靈…等凝血功能不全者及嬰幼兒、孕婦或糖尿病患者，食用前請先徵詢醫師意  
見。","1.食用前應徵詢醫師、藥師或營養師有關食用本品之意  
見；均衡的飲食及適當的運動為身體健康之基礎。  
2.本產品非藥品，供保健用，罹病者仍需就醫。  
3.請依建議攝取量食用，勿過量。  
4.請置於孩童無法拿取之處。  
5.內附乾燥劑請勿食用。  
6.開封後請儘早食用完畢，避免受潮。",https://consumer.fda.gov.tw/Food/InfoHealthFoodDetail.aspx?nodeID=162\\&id=382
衛署健食規字第000003號,衛署健食規字,台糖精選魚油膠囊,2009/7/31,台灣糖業股份有限公司,核可,w-3 脂肪酸(EPA、DHA),"調節血脂, 魚油（規格標準）-調節血脂",本產品可能有助於降低血中三酸甘油酯；其功效乃由學理得知，非由實驗確認。,正在服用抗凝血劑者，例如:阿斯匹靈…等凝血功能不全者及嬰幼兒、孕婦或糖尿病患者，食用前請先徵詢醫師意見。,"(1)請徵詢醫師、藥師或營養師有關食用本品之意見；均衡的飲食及適當的運動，為身體健康之基礎。  
(2)本產品非藥品，供保健用，罹病者仍需就醫。  
(3)請依建議攝取量食用，勿過量。",httpS://consumer.fda.gov.tw/Food/InfoHealthFoodDetail.aspx?nodeID=162\\&id=384
衛署健食規字第000004號,衛署健食規字,增養紅麴膠囊,2009/8/18,普新生技股份有限公司,核可,每3粒膠囊含含HMG-COA 還原酵素抑制劑Monacolin K,"調節血脂, 紅麴（規格標準）-調節血脂",本產品可能有助於降低血中總膽固醇；其功效由學理得知，非由實驗確認。,"1. 患有嚴重疾病、感染症、肝病或經外科手術等情況者，請勿食用。  
2\\. 是否適用於膽固醇之控制，應先徵詢醫師。  
3\\. 懷孕及授乳期間請勿食用。  
4\\. 本品與降血脂藥(statin 及 fibrate 類藥物)、葡萄柚合併使用，恐會造成肝、腎損傷、橫紋肌溶解症。","1. 請徵詢醫師、藥師或營養師有關食用本品之意見；均衡的飲食及適當的運動為身體健康之基礎。  
2\\. 本產品非藥品，供保健用，罹病者仍需就醫。  
3\\. 請依建議攝取量食用，勿過量。",httpS://consumer.fda.gov.tw/Food/InfoHealthFoodDetail.aspx?nodeID=162\\&id=385
衛署健食規字第000005號,衛署健食規字,台糖紅麴膠囊,2009/8/14,台灣糖業股份有限公司,核可,HMG-COA 還原酵素抑制劑（Monacolin K,"調節血脂, 紅麴（規格標準）-調節血脂",本產品可能有助於降低血中總膽固醇；其功效由學理得知，非由實 驗確認。,"※ 患有嚴重疾病、感染症、肝病或經外科手術等情況者，請勿食用。  
※ 是否適用於膽固醇之控制，應先徵詢醫師。  
※ 懷孕及授乳期間請勿食用。  
※ 本品與降血脂藥（statin 及fibrate 類藥物）、葡萄柚合併使用，恐會造成肝、腎損傷、橫紋肌溶解症。","※ 請徵詢醫師、藥師或營養師有關食用本品之意見；均衡的飲食及適當的運動為身體健康之基礎。  
※ 本產品非藥品，供保健用，罹病者仍需就醫。  
※ 請依建議攝取量食用，勿過量。",httpS://consumer.fda.gov.tw/Food/InfoHealthFoodDetail.aspx?nodeID=162\\&id=386
衛署健食規字第000006號,衛署健食規字,懷特麴寶®天然紅麴膠囊,2009/10/9,懷特生技新藥股份有限公司,核可,HMG-CoA還原酵素抑制劑Monacolin K,"調節血脂, 紅麴（規格標準）-調節血脂",本產品可能有助於降低血中總膽固醇；其功效乃由學理得知，非由實驗確認。,"1.患有嚴重疾病、感染症、肝病或經外科手術等情況者，請勿食用。  
2.是否適用於膽固醇之控制，應先徵詢醫師。  
3.懷孕及授乳期間請勿食用。  
4.本品與降血脂藥(statin及fibrate類藥物)、葡萄柚合併使用，恐  
會造成肝、腎損傷、橫紋肌溶解症。","1.請徵詢醫師、藥師或營養師有關食用本品之意見；均衡的 飲  
食及適當的運動為身體健康之基礎。  
2.本產品非藥品，供保健用，罹病者仍需就醫。  
3.請依建議攝取量食用，勿過量。",https://consumer.fda.gov.tw/Food/InfoHealthFoodDetail.aspx?nodeID=162\\&id=387
衛署健食規字第000008號,衛署健食規字,三多健康魚油軟膠囊,2010/7/2,三多士股份有限公司,核可,"每粒膠囊含:  
EPA 270±54 毫克，  
DHA 165±33 毫克，  
魚油純度(EPA+DHA) 45\\~50%","調節血脂, 魚油（規格標準）-調節血脂",本產品可能有助於降低血中三酸甘油酯；其功效乃由學理得知，非由實驗確認。,正在服用抗凝血劑者，例如：阿斯匹靈⋯等凝血功能不全者及嬰幼兒、孕婦或糖尿病患者，食用前請先徵詢醫師意見。,"1.食用前應徵詢醫師、藥師或營養師有關食用本品之意見；均衡  
的飲食及適當的運動為身體健康之基礎。  
2.本產品非藥品，供保健用，罹病者仍需就醫。  
3.請依建議攝取量食用，勿過量。",https://consumer.fda.gov.tw/Food/InfoHealthFoodDetail.aspx?nodeID=162\\&id=389
衛署健食規字第000010號,衛署健食規字,雅芳康采紅麴膠囊,2010/10/27,台灣雅芳股份有限公司,核可,每份（顆）含HMG-CoA 還原酵素抑制劑Monacolin K 4.93 \\~ 6.67 毫克。,"調節血脂, 紅麴（規格標準）-調節血脂",本產品可能有助於降低血中總膽固醇；其功效由學理得知，非由實驗確認。,"1. 患有嚴重疾病、感染症、肝病或經外科手術等情況者，請勿食用。  
2\\. 是否適用於膽固醇之控制，應先徵詢醫師。  
3\\. 本品與降血脂藥(statin及fibrate類藥物)、葡萄柚合併使用，恐會造成肝、腎損傷、橫紋肌溶解症。  
4\\. 懷孕及授乳期間請勿食用。","1. 請徵詢醫師、藥師或營養師有關食用本品之意見；均衡的飲食及適當的運動為身體健康之基礎。  
2\\. 本產品非藥品，供保健用，罹病者仍需就醫。  
3\\. 請依建議攝取量食用，勿過量。  
4\\. 本產品含有大豆及其製品、牛奶及其製品，不適合其過敏體質者食用。",https://consumer.fda.gov.tw/Food/InfoHealthFoodDetail.aspx?nodeID=162\\&id=391
衛署健食規字第000012號,衛署健食規字,新微庫醇紅麴膠囊,2011/5/30,生達化學製藥股份有限公司,核可,每份含HMG-CoA 還原酵素抑制劑Monacolin K 含量為7.5 \\~ 9.5 毫克,"調節血脂, 紅麴（規格標準）-調節血脂",本產品可能有助於降低血中總膽固醇；其功效由學理得知，非由實驗確認。,"1. 患有嚴重疾病、感染症、肝病或經外科手術等情況者，請  
勿食用。  
2\\. 是否適用於膽固醇之控制，應先徵詢醫師。  
3\\. 本品與降血脂藥(statin及fibrate類藥物)、葡萄柚合併使用，  
恐會造成肝、腎損傷、橫紋肌溶解症。  
4\\. 懷孕及授乳期間請勿食用。","1. 請徵詢醫師、藥師或營養師有關食用本品之意見；均衡的  
飲食及適當的運動為身體健康之基礎。  
2\\. 本產品非藥品，供保健用，罹病者仍需就醫。  
3\\. 請依建議攝取量食用，勿過量。",https://consumer.fda.gov.tw//Food/InfoHealthFoodDetail.aspx?nodeID=162\\&id=393
衛署健食規字第000013號,衛署健食規字,健康純淨魚油膠囊,2011/9/30,船井生醫股份有限公司,核可,Omega-3 acids (EPA+DHA),"調節血脂功能, 魚油（規格標準）-調節血脂功能",本產品可能有助於降低血中三酸甘油酯；其功效乃由學理得知，非由實驗確認。,正在服用抗凝血劑者，例如:阿斯匹靈…等凝血功能不全者及嬰幼兒、孕婦或糖尿病患者，食用前請先徵詢醫師意見。,"1. 請徵詢醫師、藥師或營養師有關食用本品之意見；均衡的飲食及適當的運動為身體健康之基礎。  
2\\. 本產品非藥品，供保健用，罹病者仍需就醫。  
3\\. 請依建議攝取量食用，勿過量。",https://consumer.fda.gov.tw//Food/InfoHealthFoodDetail.aspx?nodeID=162\\&id=394
衛署健食規字第000016號,衛署健食規字,生活挪威深海魚油膠囊,2011/10/16,三皇生物科技股份有限公司,核可,Omega-3 acids (EPA+DHA),"調節血脂功能, 魚油（規格標準）-調節血脂功能",本產品可能有助於降低血中三酸甘油酯；其功效乃由學理得知，非由實驗確認。,正在服用抗凝血劑者，例如:阿斯匹靈…等凝血功能不全者及嬰幼兒、孕婦或糖尿病患者，食用前請先徵詢醫師意見。,"1. 請徵詢醫師、藥師或營養師有關食用本品之意見；均衡的飲食及適當的運動為身體健康之基礎。  
2\\. 本產品非藥品，供保健用，罹病者仍需就醫。  
3\\. 請依建議攝取量食用，勿過量。",https://consumer.fda.gov.tw//Food/InfoHealthFoodDetail.aspx?nodeID=162\\&id=185
衛署健食規字第000017號,衛署健食規字,台塩大紅麴健康紅麴素食膠囊,2011/12/18,臺鹽實業股份有限公司,核可,Monacolin K,"調節血脂, 紅麴（規格標準）-調節血脂",本產品可能有助於降低血中總膽固醇；其功效由學理得知，非由實驗確認。,"1.患有嚴重疾病、感染症、肝病或經外科手術等情況者，請勿食用。  
2.是否適用於膽固醇之控制，應先徵詢醫師。  
3.懷孕及授乳期間請勿食用。  
4.本品與降血脂藥(statin及fibrate類藥物)、葡萄柚合併使用，恐會造成肝、腎損傷、橫紋肌溶解症。","1.請徵詢醫師、藥師或營養師有關食用本品之意見；均衡的飲食及適當的運動為身體健康之基礎。  
2.本產品非藥品，供保健用，罹病者仍需就醫。  
3.請依建議攝取量食用，勿過量。",https://consumer.fda.gov.tw//Food/InfoHealthFoodDetail.aspx?nodeID=162\\&id=193
衛署健食規字第000018號,衛署健食規字,可利醇紅麴膠囊,2012/5/21,漢聖製藥科技股份有限公司,核可,每2粒HMG-CoA還原酵素抑制劑Monacolin K 12.5±2.5毫克,"調節血脂功能, 紅麴（規格標準）-調節血脂功能",本產品可能有助於降低血中總膽固醇；其功效由學理得知，非由實驗確認。,"(1)患有嚴重疾病、感染症、肝病或經外科手術等情況,請勿食用。  
(2)是否適用於膽固醇之控制,應先諮詢醫師。  
(3)本成品不應替代藥品使用。  
(4)本品與降血脂藥(statin及fibrate類藥物)、葡萄柚合併使用,恐會造成肝、腎損傷、橫紋肌溶解症。  
(5)懷孕及授乳期間請勿食用。","(1)請徵詢醫師、藥師或營養師有關食用本品之意見；均衡的飲食及適當的運動為身體健康之基礎。  
(2)本產品非藥品,供保健用,罹病者仍需就醫。  
(3)請依建議攝取量食用,勿過量。",https://consumer.fda.gov.tw//Food/InfoHealthFoodDetail.aspx?nodeID=162\\&id=203
衛署健食規字第000019號,衛署健食規字,港香蘭深海魚油軟膠囊,2012/3/8,港香蘭應用生技股份有限公司,核可,Omega-3 acids (EPA+DHA),"調節血脂功能, 魚油（規格標準）-調節血脂功能",本產品可能有助於降低血中三酸甘油酯；其功效乃由學理得知，非由實驗確認。,正在服用抗凝血劑者，例如：阿斯匹靈…等凝血功能不全者及嬰幼兒、孕婦或糖尿病患者，食用前請先徵詢醫師意見。,"1. 請洽詢醫師、藥或營養有關食用本品之意見；均衡的飲食及適當運動為身體健康之基礎。   
2\\. 本產品非藥品，供保健用，罹病者仍需就醫。  
3\\. 請依建議攝取量食用，勿過量。",https://consumer.fda.gov.tw//Food/InfoHealthFoodDetail.aspx?nodeID=162\\&id=200
衛署健食規字第000021號,衛署健食規字,安可健紅麴膠囊,2012/5/11,臺灣菸酒股份有限公司,核可,Monacolin K：10.5±1.5 毫克/2 顆,"調節血脂, 紅麴（規格標準）-調節血脂",本產品可能有助於降低血中總膽固醇；其功效由學理得知，非由實驗確認。,"1.患有嚴重疾病、感染症、肝病或經外科手術等情況者，請勿食用。  
2.是否適用於膽固醇之控制，應先徵詢醫師。  
3.懷孕及授乳期間請勿食用。  
4.本品與降血脂藥(statin及fibrate類藥物)、葡萄柚合併使用，恐會造成肝、腎損傷、橫紋肌溶解症。","1.請徵詢醫師、藥師或營養師有關食用本品之意見；均衡的飲食及適當的運動為身體健康之基礎。  
2.本產品非藥品，供保健用，罹病者仍需就醫。  
3.請依建議攝取量食用，勿過量。",https://consumer.fda.gov.tw//Food/InfoHealthFoodDetail.aspx?nodeID=162\\&id=204
衛署健食規字第000025號,衛署健食規字,黃金魚油膠囊,2013/3/12,天良生物科技企業股份有限公司,核可,Omega-3 acids (EPA+DHA),"調節血脂, 魚油（規格標準）-調節血脂",本產品可能有助於降低血中三酸甘油酯；其功效乃由學理得知，非由實驗確認。,正在服用抗凝血劑者，例如：阿斯匹靈…等凝血功能不全者及嬰幼兒、孕婦或糖尿病患者，食用前請先徵詢醫師意見。,"(1)請徵詢醫師、藥師或營養師，有關食用本品之意見；均衡的飲食及適當的運動為身體健康之基礎。  
(2)本產品非藥品，供保健用，罹病者仍需就醫。  
(3)請依建議攝取量食用，勿過量。",https://consumer.fda.gov.tw//Food/InfoHealthFoodDetail.aspx?nodeID=162\\&id=229
衛署健食規字第000026號,衛署健食規字,信東紅麴膠囊,2013/2/5,信東生技股份有限公司園區分公司,核可,Monacolin K,"調節血脂, 紅麴（規格標準）-調節血脂",本產品可能有助於降低血中總膽固醇；其功效由學理得知，非由實驗確認。,"(1)患有嚴重疾病、感染症、肝病或經外科手術等情況者，請勿食用。  
(2)是否適用於膽固醇之控制，應先徵詢醫師。  
(3)懷孕及授乳期間，請勿食用。  
(4)本品與降血脂藥(Statin及fibrate類藥物)、葡萄柚合併使用，恐會造成肝、腎損傷、橫紋肌溶解症。","(1) 請徵詢醫師、藥師或營養師有關食用本品之意見；均衡的飲食及適當的運動為身體健康之基礎。  
(2)本產品非藥品，供保健用，罹病者仍需就醫。 ",